OTU,kingdom,phylum,class,order,family,genus,species,exploration_type,guild,guild2
ITSall_OTUa_13,Fungi,Basidiomycota,Agaricomycetes,Agaricales,Hydnangiaceae,Laccaria,NA,short-distance_delicate,Ectomycorrhizal,EctoMycorrhizal
ITSall_OTUa_1016,Fungi,Basidiomycota,Agaricomycetes,Agaricales,Hydnangiaceae,Laccaria,NA,short-distance_delicate,Ectomycorrhizal,EctoMycorrhizal
ITSall_OTUb_427,Fungi,Basidiomycota,Agaricomycetes,Agaricales,Hydnangiaceae,Laccaria,NA,short-distance_delicate,Ectomycorrhizal,EctoMycorrhizal
ITSall_OTUa_1011,Fungi,Glomeromycota,Glomeromycetes,Glomerales,NA,NA,NA,NA,Arbuscular Mycorrhizal,Arbuscular Mycorrhizal
ITSall_OTUa_151,Fungi,Basidiomycota,Agaricomycetes,Thelephorales,Thelephoraceae,Tomentella,NA,medium-distance_smooth,Ectomycorrhizal,EctoMycorrhizal
ITSall_OTUa_666,Fungi,Basidiomycota,Agaricomycetes,Agaricales,Cortinariaceae,Cortinarius,NA,medium-distance_fringe,Ectomycorrhizal,EctoMycorrhizal
ITSall_OTUb_152,Fungi,Glomeromycota,Glomeromycetes,Glomerales,NA,NA,NA,NA,Arbuscular Mycorrhizal,Arbuscular Mycorrhizal
ITSall_OTUc_54,Fungi,Glomeromycota,Glomeromycetes,Glomerales,NA,NA,NA,NA,Arbuscular Mycorrhizal,Arbuscular Mycorrhizal
ITSall_OTUc_95,Fungi,Glomeromycota,Glomeromycetes,Glomerales,Glomeraceae,NA,NA,NA,Arbuscular Mycorrhizal,Arbuscular Mycorrhizal
ITSall_OTUa_1125,Fungi,Glomeromycota,Glomeromycetes,Glomerales,NA,NA,NA,NA,Arbuscular Mycorrhizal,Arbuscular Mycorrhizal
ITSall_OTUa_1703,Fungi,Glomeromycota,Archaeosporomycetes,Archaeosporales,NA,NA,NA,NA,Arbuscular Mycorrhizal,Arbuscular Mycorrhizal
ITSall_OTUa_172,Fungi,Glomeromycota,Archaeosporomycetes,Archaeosporales,Archaeosporaceae,NA,NA,NA,Arbuscular Mycorrhizal,Arbuscular Mycorrhizal
ITSall_OTUa_1213,Fungi,Glomeromycota,Glomeromycetes,Glomerales,NA,NA,NA,NA,Arbuscular Mycorrhizal,Arbuscular Mycorrhizal
ITSall_OTUa_83,Fungi,Glomeromycota,Glomeromycetes,Glomerales,NA,NA,NA,NA,Arbuscular Mycorrhizal,Arbuscular Mycorrhizal
ITSall_OTUa_1184,Fungi,Glomeromycota,Glomeromycetes,Glomerales,Glomeraceae,NA,NA,NA,Arbuscular Mycorrhizal,Arbuscular Mycorrhizal
ITSall_OTUj_431,Fungi,Basidiomycota,Agaricomycetes,Agaricales,Bolbitiaceae,Setchelliogaster,Setchelliogaster_australiensis,short-distance_delicate,Ectomycorrhizal,EctoMycorrhizal
ITSall_OTUa_2854,Fungi,Glomeromycota,Glomeromycetes,Glomerales,NA,NA,NA,NA,Arbuscular Mycorrhizal,Arbuscular Mycorrhizal
ITSall_OTUf_2741,Fungi,Glomeromycota,Archaeosporomycetes,Archaeosporales,NA,NA,NA,NA,Arbuscular Mycorrhizal,Arbuscular Mycorrhizal
ITSall_OTUa_2791,Fungi,Glomeromycota,Glomeromycetes,Glomerales,NA,NA,NA,NA,Arbuscular Mycorrhizal,Arbuscular Mycorrhizal
ITSall_OTUf_2198,Fungi,Glomeromycota,Glomeromycetes,Glomerales,Glomeraceae,NA,NA,NA,Arbuscular Mycorrhizal,Arbuscular Mycorrhizal
ITSall_OTUa_1135,Fungi,Glomeromycota,Glomeromycetes,Glomerales,Glomeraceae,NA,NA,NA,Arbuscular Mycorrhizal,Arbuscular Mycorrhizal
ITSall_OTUm_6684,Fungi,Glomeromycota,Archaeosporomycetes,Archaeosporales,Archaeosporaceae,NA,NA,NA,Arbuscular Mycorrhizal,Arbuscular Mycorrhizal
ITSall_OTUa_3097,Fungi,Glomeromycota,Glomeromycetes,Glomerales,NA,NA,NA,NA,Arbuscular Mycorrhizal,Arbuscular Mycorrhizal
ITSall_OTUa_1666,Fungi,Glomeromycota,Glomeromycetes,Glomerales,Glomeraceae,NA,NA,NA,Arbuscular Mycorrhizal,Arbuscular Mycorrhizal
ITSall_OTUk_1888,Fungi,Basidiomycota,Agaricomycetes,Sebacinales,Serendipitaceae,Serendipita,NA,NA,Orchid Mycorrhizal,Orchid Mycorrhizal
ITSall_OTUi_4086,Fungi,Glomeromycota,Archaeosporomycetes,Archaeosporales,Archaeosporaceae,NA,NA,NA,Arbuscular Mycorrhizal,Arbuscular Mycorrhizal
ITSall_OTUa_6066,Fungi,Glomeromycota,Glomeromycetes,Glomerales,NA,NA,NA,NA,Arbuscular Mycorrhizal,Arbuscular Mycorrhizal
ITSall_OTUn_1190,Fungi,Basidiomycota,Agaricomycetes,Boletales,Rhizopogonaceae,Rhizopogon,NA,long-distance,Ectomycorrhizal,EctoMycorrhizal
ITSall_OTUb_29,Fungi,Glomeromycota,Archaeosporomycetes,Archaeosporales,Archaeosporaceae,NA,NA,NA,Arbuscular Mycorrhizal,Arbuscular Mycorrhizal
ITSall_OTUa_2566,Fungi,Glomeromycota,Glomeromycetes,Glomerales,Glomeraceae,Rhizophagus,NA,NA,Arbuscular Mycorrhizal,Arbuscular Mycorrhizal
ITSall_OTUa_329,Fungi,Basidiomycota,Agaricomycetes,Russulales,Russulaceae,Russula,NA,contact,Ectomycorrhizal,EctoMycorrhizal
ITSall_OTUd_8863,Fungi,Glomeromycota,Glomeromycetes,Glomerales,Glomeraceae,NA,NA,NA,Arbuscular Mycorrhizal,Arbuscular Mycorrhizal
ITSall_OTUf_2782,Fungi,Glomeromycota,Glomeromycetes,Glomerales,Glomeraceae,NA,NA,NA,Arbuscular Mycorrhizal,Arbuscular Mycorrhizal
ITSall_OTUa_6930,Fungi,Glomeromycota,Glomeromycetes,Glomerales,Glomeraceae,NA,NA,NA,Arbuscular Mycorrhizal,Arbuscular Mycorrhizal
ITSall_OTUi_1393,Fungi,Glomeromycota,Glomeromycetes,Glomerales,Glomeraceae,NA,NA,NA,Arbuscular Mycorrhizal,Arbuscular Mycorrhizal
ITSall_OTUb_42,Fungi,Glomeromycota,Archaeosporomycetes,Archaeosporales,NA,NA,NA,NA,Arbuscular Mycorrhizal,Arbuscular Mycorrhizal
ITSall_OTUe_3512,Fungi,Basidiomycota,Agaricomycetes,Agaricales,Inocybaceae,Inocybe,NA,short-distance_delicate,Ectomycorrhizal,EctoMycorrhizal
ITSall_OTUh_930,Fungi,Glomeromycota,Archaeosporomycetes,Archaeosporales,NA,NA,NA,NA,Arbuscular Mycorrhizal,Arbuscular Mycorrhizal
ITSall_OTUa_1129,Fungi,Glomeromycota,Glomeromycetes,Glomerales,NA,NA,NA,NA,Arbuscular Mycorrhizal,Arbuscular Mycorrhizal
ITSall_OTUm_4343,Fungi,Basidiomycota,Agaricomycetes,Agaricales,Inocybaceae,Inocybe,NA,short-distance_delicate,Ectomycorrhizal,EctoMycorrhizal
ITSall_OTUb_262,Fungi,Glomeromycota,Archaeosporomycetes,Archaeosporales,NA,NA,NA,NA,Arbuscular Mycorrhizal,Arbuscular Mycorrhizal
ITSall_OTUa_1437,Fungi,Glomeromycota,Glomeromycetes,Glomerales,Glomeraceae,Glomus,NA,NA,Arbuscular Mycorrhizal,Arbuscular Mycorrhizal
ITSall_OTUa_2141,Fungi,Basidiomycota,Agaricomycetes,Sebacinales,Serendipitaceae,Serendipita,NA,NA,Orchid Mycorrhizal,Orchid Mycorrhizal
ITSall_OTUf_136,Fungi,Glomeromycota,Glomeromycetes,Glomerales,Glomeraceae,Glomus,NA,NA,Arbuscular Mycorrhizal,Arbuscular Mycorrhizal
ITSall_OTUf_795,Fungi,Glomeromycota,Glomeromycetes,Glomerales,Glomeraceae,NA,NA,NA,Arbuscular Mycorrhizal,Arbuscular Mycorrhizal
ITSall_OTUc_450,Fungi,Glomeromycota,Archaeosporomycetes,Archaeosporales,Archaeosporaceae,NA,NA,NA,Arbuscular Mycorrhizal,Arbuscular Mycorrhizal
ITSall_OTUf_123,Fungi,Glomeromycota,Glomeromycetes,Glomerales,Glomeraceae,Glomus,NA,NA,Arbuscular Mycorrhizal,Arbuscular Mycorrhizal
ITSall_OTUa_3164,Fungi,Glomeromycota,Archaeosporomycetes,Archaeosporales,Archaeosporaceae,NA,NA,NA,Arbuscular Mycorrhizal,Arbuscular Mycorrhizal
ITSall_OTUa_10016,Fungi,Glomeromycota,Glomeromycetes,Glomerales,NA,NA,NA,NA,Arbuscular Mycorrhizal,Arbuscular Mycorrhizal
ITSall_OTUh_445,Fungi,Glomeromycota,Archaeosporomycetes,Archaeosporales,NA,NA,NA,NA,Arbuscular Mycorrhizal,Arbuscular Mycorrhizal
ITSall_OTUk_6546,Fungi,Glomeromycota,Glomeromycetes,Glomerales,Glomeraceae,NA,NA,NA,Arbuscular Mycorrhizal,Arbuscular Mycorrhizal
ITSall_OTUa_85,Fungi,Ascomycota,Pezizomycetes,Pezizales,Pezizaceae,Ruhlandiella,NA,short-distance_coarse,Ectomycorrhizal,EctoMycorrhizal
ITSall_OTUa_696,Fungi,Basidiomycota,Agaricomycetes,Thelephorales,Thelephoraceae,Tomentella,Tomentella_hjortstamiana,medium-distance_smooth,Ectomycorrhizal,EctoMycorrhizal
ITSall_OTUa_648,Fungi,Glomeromycota,NA,NA,NA,NA,NA,NA,Arbuscular Mycorrhizal,Arbuscular Mycorrhizal
ITSall_OTUa_706,Fungi,Glomeromycota,Glomeromycetes,NA,NA,NA,NA,NA,Arbuscular Mycorrhizal,Arbuscular Mycorrhizal
ITSall_OTUf_234,Fungi,Glomeromycota,Glomeromycetes,Glomerales,NA,NA,NA,NA,Arbuscular Mycorrhizal,Arbuscular Mycorrhizal
ITSall_OTUj_1031,Fungi,Basidiomycota,Agaricomycetes,Boletales,Sclerodermataceae,Scleroderma,NA,long-distance,Ectomycorrhizal,EctoMycorrhizal
ITSall_OTUa_70,Fungi,Ascomycota,Pezizomycetes,Pezizales,Pezizaceae,Ruhlandiella,NA,short-distance_coarse,Ectomycorrhizal,EctoMycorrhizal
ITSall_OTUa_1676,Fungi,Basidiomycota,Agaricomycetes,Agaricales,Inocybaceae,Inocybe,Inocybe_distincta,short-distance_delicate,Ectomycorrhizal,EctoMycorrhizal
ITSall_OTUf_2349,Fungi,Glomeromycota,Glomeromycetes,Gigasporales,Gigasporaceae,NA,NA,NA,Arbuscular Mycorrhizal,Arbuscular Mycorrhizal
ITSall_OTUa_1864,Fungi,Glomeromycota,Archaeosporomycetes,Archaeosporales,NA,NA,NA,NA,Arbuscular Mycorrhizal,Arbuscular Mycorrhizal
ITSall_OTUa_6082,Fungi,Glomeromycota,Paraglomeromycetes,Paraglomerales,Paraglomeraceae,Paraglomus,Paraglomus_brasilianum,NA,Arbuscular Mycorrhizal,Arbuscular Mycorrhizal
ITSall_OTUa_3949,Fungi,Glomeromycota,Archaeosporomycetes,Archaeosporales,NA,NA,NA,NA,Arbuscular Mycorrhizal,Arbuscular Mycorrhizal
ITSall_OTUj_6212,Fungi,Glomeromycota,Glomeromycetes,Glomerales,Claroideoglomeraceae,Claroideoglomus,NA,NA,Arbuscular Mycorrhizal,Arbuscular Mycorrhizal
ITSall_OTUh_77,Fungi,Glomeromycota,Glomeromycetes,Glomerales,NA,NA,NA,NA,Arbuscular Mycorrhizal,Arbuscular Mycorrhizal
ITSall_OTUh_52,Fungi,Glomeromycota,Glomeromycetes,Glomerales,NA,NA,NA,NA,Arbuscular Mycorrhizal,Arbuscular Mycorrhizal
ITSall_OTUf_1877,Fungi,Glomeromycota,Glomeromycetes,Glomerales,Glomeraceae,Rhizophagus,NA,NA,Arbuscular Mycorrhizal,Arbuscular Mycorrhizal
ITSall_OTUa_4206,Fungi,Glomeromycota,Glomeromycetes,Glomerales,Claroideoglomeraceae,Claroideoglomus,NA,NA,Arbuscular Mycorrhizal,Arbuscular Mycorrhizal
ITSall_OTUb_22,Fungi,Glomeromycota,Glomeromycetes,Glomerales,Claroideoglomeraceae,Claroideoglomus,NA,NA,Arbuscular Mycorrhizal,Arbuscular Mycorrhizal
ITSall_OTUe_461,Fungi,Glomeromycota,Glomeromycetes,Glomerales,Claroideoglomeraceae,Claroideoglomus,NA,NA,Arbuscular Mycorrhizal,Arbuscular Mycorrhizal
ITSall_OTUf_1268,Fungi,Glomeromycota,Glomeromycetes,Glomerales,Glomeraceae,Rhizophagus,NA,NA,Arbuscular Mycorrhizal,Arbuscular Mycorrhizal
ITSall_OTUa_2161,Fungi,Glomeromycota,Glomeromycetes,Glomerales,Claroideoglomeraceae,Claroideoglomus,NA,NA,Arbuscular Mycorrhizal,Arbuscular Mycorrhizal
ITSall_OTUh_235,Fungi,Glomeromycota,Glomeromycetes,Glomerales,Claroideoglomeraceae,Claroideoglomus,NA,NA,Arbuscular Mycorrhizal,Arbuscular Mycorrhizal
ITSall_OTUh_48,Fungi,Glomeromycota,Glomeromycetes,Glomerales,NA,NA,NA,NA,Arbuscular Mycorrhizal,Arbuscular Mycorrhizal
ITSall_OTUh_145,Fungi,Glomeromycota,Glomeromycetes,Glomerales,NA,NA,NA,NA,Arbuscular Mycorrhizal,Arbuscular Mycorrhizal
ITSall_OTUk_4740,Fungi,Glomeromycota,Glomeromycetes,Glomerales,Claroideoglomeraceae,Claroideoglomus,NA,NA,Arbuscular Mycorrhizal,Arbuscular Mycorrhizal
ITSall_OTUm_3953,Fungi,Glomeromycota,Glomeromycetes,Glomerales,Claroideoglomeraceae,Claroideoglomus,NA,NA,Arbuscular Mycorrhizal,Arbuscular Mycorrhizal
ITSall_OTUf_2264,Fungi,Glomeromycota,Glomeromycetes,Glomerales,Glomeraceae,Rhizophagus,NA,NA,Arbuscular Mycorrhizal,Arbuscular Mycorrhizal
ITSall_OTUj_23383,Fungi,Glomeromycota,Glomeromycetes,Glomerales,Claroideoglomeraceae,Claroideoglomus,NA,NA,Arbuscular Mycorrhizal,Arbuscular Mycorrhizal
ITSall_OTUf_3541,Fungi,Glomeromycota,Archaeosporomycetes,Archaeosporales,Ambisporaceae,NA,NA,NA,Arbuscular Mycorrhizal,Arbuscular Mycorrhizal
ITSall_OTUa_9872,Fungi,Basidiomycota,Agaricomycetes,Boletales,Rhizopogonaceae,Rhizopogon,Rhizopogon_pseudoroseolus,long-distance,Ectomycorrhizal,EctoMycorrhizal
ITSall_OTUa_5161,Fungi,Glomeromycota,Paraglomeromycetes,Paraglomerales,Paraglomeraceae,Paraglomus,NA,NA,Arbuscular Mycorrhizal,Arbuscular Mycorrhizal
ITSall_OTUb_8315,Fungi,Glomeromycota,Paraglomeromycetes,Paraglomerales,Paraglomeraceae,NA,NA,NA,Arbuscular Mycorrhizal,Arbuscular Mycorrhizal
ITSall_OTUn_4424,Fungi,Glomeromycota,Glomeromycetes,Glomerales,Glomeraceae,Glomus,NA,NA,Arbuscular Mycorrhizal,Arbuscular Mycorrhizal
ITSall_OTUb_8845,Fungi,Glomeromycota,Glomeromycetes,Glomerales,Glomeraceae,NA,NA,NA,Arbuscular Mycorrhizal,Arbuscular Mycorrhizal
ITSall_OTUa_5059,Fungi,Glomeromycota,Glomeromycetes,Glomerales,Glomeraceae,NA,NA,NA,Arbuscular Mycorrhizal,Arbuscular Mycorrhizal
ITSall_OTUf_1031,Fungi,Glomeromycota,Glomeromycetes,Glomerales,NA,NA,NA,NA,Arbuscular Mycorrhizal,Arbuscular Mycorrhizal
ITSall_OTUa_248,Fungi,Glomeromycota,Glomeromycetes,Glomerales,NA,NA,NA,NA,Arbuscular Mycorrhizal,Arbuscular Mycorrhizal
ITSall_OTUe_1527,Fungi,Glomeromycota,Archaeosporomycetes,Archaeosporales,NA,NA,NA,NA,Arbuscular Mycorrhizal,Arbuscular Mycorrhizal
ITSall_OTUj_26040,Fungi,Glomeromycota,Glomeromycetes,Glomerales,Glomeraceae,NA,NA,NA,Arbuscular Mycorrhizal,Arbuscular Mycorrhizal
ITSall_OTUf_308,Fungi,Glomeromycota,Archaeosporomycetes,Archaeosporales,NA,NA,NA,NA,Arbuscular Mycorrhizal,Arbuscular Mycorrhizal
ITSall_OTUa_6430,Fungi,Glomeromycota,Glomeromycetes,Glomerales,NA,NA,NA,NA,Arbuscular Mycorrhizal,Arbuscular Mycorrhizal
ITSall_OTUj_16938,Fungi,Glomeromycota,Glomeromycetes,Glomerales,Claroideoglomeraceae,NA,NA,NA,Arbuscular Mycorrhizal,Arbuscular Mycorrhizal
ITSall_OTUj_21782,Fungi,Basidiomycota,Agaricomycetes,Agaricales,Inocybaceae,Inocybe,NA,short-distance_delicate,Ectomycorrhizal,EctoMycorrhizal
ITSall_OTUa_3731,Fungi,Glomeromycota,Archaeosporomycetes,Archaeosporales,NA,NA,NA,NA,Arbuscular Mycorrhizal,Arbuscular Mycorrhizal
ITSall_OTUf_2235,Fungi,Glomeromycota,Glomeromycetes,Glomerales,Glomeraceae,NA,NA,NA,Arbuscular Mycorrhizal,Arbuscular Mycorrhizal
ITSall_OTUh_123,Fungi,Glomeromycota,Glomeromycetes,Glomerales,Claroideoglomeraceae,NA,NA,NA,Arbuscular Mycorrhizal,Arbuscular Mycorrhizal
ITSall_OTUa_7229,Fungi,Glomeromycota,Glomeromycetes,Glomerales,Claroideoglomeraceae,Claroideoglomus,NA,NA,Arbuscular Mycorrhizal,Arbuscular Mycorrhizal
ITSall_OTUm_7394,Fungi,Ascomycota,Pezizomycetes,Pezizales,Pezizaceae,Terfezia,NA,short-distance_coarse,Ectomycorrhizal,EctoMycorrhizal
ITSall_OTUf_1077,Fungi,Glomeromycota,Archaeosporomycetes,Archaeosporales,Ambisporaceae,NA,NA,NA,Arbuscular Mycorrhizal,Arbuscular Mycorrhizal
ITSall_OTUa_934,Fungi,Glomeromycota,Glomeromycetes,Glomerales,NA,NA,NA,NA,Arbuscular Mycorrhizal,Arbuscular Mycorrhizal
ITSall_OTUa_2419,Fungi,Glomeromycota,Glomeromycetes,Glomerales,NA,NA,NA,NA,Arbuscular Mycorrhizal,Arbuscular Mycorrhizal
ITSall_OTUa_5250,Fungi,Glomeromycota,Glomeromycetes,Glomerales,Claroideoglomeraceae,Claroideoglomus,NA,NA,Arbuscular Mycorrhizal,Arbuscular Mycorrhizal
ITSall_OTUa_636,Fungi,Glomeromycota,Glomeromycetes,Glomerales,NA,NA,NA,NA,Arbuscular Mycorrhizal,Arbuscular Mycorrhizal
ITSall_OTUe_3694,Fungi,Glomeromycota,Archaeosporomycetes,Archaeosporales,Archaeosporaceae,NA,NA,NA,Arbuscular Mycorrhizal,Arbuscular Mycorrhizal
ITSall_OTUd_8790,Fungi,Glomeromycota,Glomeromycetes,Glomerales,Glomeraceae,NA,NA,NA,Arbuscular Mycorrhizal,Arbuscular Mycorrhizal
ITSall_OTUb_2876,Fungi,Ascomycota,Pezizomycetes,Pezizales,Pezizaceae,Ruhlandiella,NA,short-distance_coarse,Ectomycorrhizal,EctoMycorrhizal
ITSall_OTUa_434,Fungi,Glomeromycota,Glomeromycetes,Glomerales,Glomeraceae,Rhizophagus,NA,NA,Arbuscular Mycorrhizal,Arbuscular Mycorrhizal
ITSall_OTUk_1446,Fungi,Glomeromycota,Glomeromycetes,Glomerales,Glomeraceae,Rhizophagus,NA,NA,Arbuscular Mycorrhizal,Arbuscular Mycorrhizal
ITSall_OTUm_1082,Fungi,Glomeromycota,Glomeromycetes,Glomerales,Claroideoglomeraceae,Claroideoglomus,NA,NA,Arbuscular Mycorrhizal,Arbuscular Mycorrhizal
ITSall_OTUf_2125,Fungi,Glomeromycota,Glomeromycetes,Glomerales,Glomeraceae,NA,NA,NA,Arbuscular Mycorrhizal,Arbuscular Mycorrhizal
ITSall_OTUa_1498,Fungi,Glomeromycota,Glomeromycetes,Glomerales,Glomeraceae,Glomus,NA,NA,Arbuscular Mycorrhizal,Arbuscular Mycorrhizal
ITSall_OTUa_1704,Fungi,Glomeromycota,Glomeromycetes,Glomerales,Glomeraceae,NA,NA,NA,Arbuscular Mycorrhizal,Arbuscular Mycorrhizal
ITSall_OTUk_811,Fungi,Glomeromycota,Glomeromycetes,Glomerales,Glomeraceae,Oehlia,NA,NA,Arbuscular Mycorrhizal,Arbuscular Mycorrhizal
ITSall_OTUj_3624,Fungi,Glomeromycota,Glomeromycetes,Glomerales,Glomeraceae,Rhizophagus,NA,NA,Arbuscular Mycorrhizal,Arbuscular Mycorrhizal
ITSall_OTUm_3756,Fungi,Glomeromycota,Glomeromycetes,Glomerales,Glomeraceae,NA,NA,NA,Arbuscular Mycorrhizal,Arbuscular Mycorrhizal
ITSall_OTUm_13451,Fungi,Glomeromycota,Glomeromycetes,Glomerales,Glomeraceae,NA,NA,NA,Arbuscular Mycorrhizal,Arbuscular Mycorrhizal
ITSall_OTUa_90,Fungi,Basidiomycota,Agaricomycetes,Thelephorales,Thelephoraceae,Tomentella,NA,medium-distance_smooth,Ectomycorrhizal,EctoMycorrhizal
ITSall_OTUd_1875,Fungi,Basidiomycota,Agaricomycetes,Agaricales,Inocybaceae,Inocybe,NA,short-distance_delicate,Ectomycorrhizal,EctoMycorrhizal
ITSall_OTUa_688,Fungi,Glomeromycota,Glomeromycetes,Glomerales,NA,NA,NA,NA,Arbuscular Mycorrhizal,Arbuscular Mycorrhizal
ITSall_OTUa_2374,Fungi,Basidiomycota,Agaricomycetes,Agaricales,Inocybaceae,Tubariomyces,NA,short-distance_delicate,Ectomycorrhizal,EctoMycorrhizal
ITSall_OTUj_161,Fungi,Basidiomycota,Agaricomycetes,Agaricales,Inocybaceae,Inocybe,Inocybe_dewrangia,short-distance_delicate,Ectomycorrhizal,EctoMycorrhizal
ITSall_OTUh_21,Fungi,Glomeromycota,Archaeosporomycetes,Archaeosporales,Archaeosporaceae,NA,NA,NA,Arbuscular Mycorrhizal,Arbuscular Mycorrhizal
ITSall_OTUa_5253,Fungi,Glomeromycota,Glomeromycetes,Glomerales,NA,NA,NA,NA,Arbuscular Mycorrhizal,Arbuscular Mycorrhizal
ITSall_OTUa_130,Fungi,Basidiomycota,Agaricomycetes,Agaricales,Inocybaceae,Inocybe,NA,short-distance_delicate,Ectomycorrhizal,EctoMycorrhizal
ITSall_OTUf_3257,Fungi,Basidiomycota,Agaricomycetes,Agaricales,Hydnangiaceae,Laccaria,NA,short-distance_delicate,Ectomycorrhizal,EctoMycorrhizal
ITSall_OTUg_193,Fungi,Basidiomycota,Agaricomycetes,Agaricales,Cortinariaceae,Cortinarius,Cortinarius_caesibulga,medium-distance_fringe,Ectomycorrhizal,EctoMycorrhizal
ITSall_OTUa_533,Fungi,Basidiomycota,Agaricomycetes,Cantharellales,Clavulinaceae,Clavulina,NA,contact,Ectomycorrhizal,EctoMycorrhizal
ITSall_OTUa_1737,Fungi,Basidiomycota,Agaricomycetes,Thelephorales,Thelephoraceae,Tomentella,Tomentella_sublilacina,medium-distance_smooth,Ectomycorrhizal,EctoMycorrhizal
ITSall_OTUa_515,Fungi,Basidiomycota,Agaricomycetes,Hysterangiales,Hysterangiaceae,Hysterangium,NA,mat,Ectomycorrhizal,EctoMycorrhizal
ITSall_OTUa_48,Fungi,Glomeromycota,Glomeromycetes,Glomerales,NA,NA,NA,NA,Arbuscular Mycorrhizal,Arbuscular Mycorrhizal
ITSall_OTUm_2998,Fungi,Glomeromycota,Glomeromycetes,Glomerales,NA,NA,NA,NA,Arbuscular Mycorrhizal,Arbuscular Mycorrhizal
ITSall_OTUa_10348,Fungi,Basidiomycota,Agaricomycetes,Agaricales,Hydnangiaceae,Laccaria,NA,short-distance_delicate,Ectomycorrhizal,EctoMycorrhizal
ITSall_OTUa_2561,Fungi,Glomeromycota,Glomeromycetes,Glomerales,NA,NA,NA,NA,Arbuscular Mycorrhizal,Arbuscular Mycorrhizal
ITSall_OTUm_1401,Fungi,Ascomycota,Pezizomycetes,Pezizales,Pezizaceae,Ruhlandiella,NA,short-distance_coarse,Ectomycorrhizal,EctoMycorrhizal
ITSall_OTUj_155,Fungi,Basidiomycota,Agaricomycetes,Agaricales,Inocybaceae,Inocybe,NA,short-distance_delicate,Ectomycorrhizal,EctoMycorrhizal
ITSall_OTUf_75,Fungi,Glomeromycota,Glomeromycetes,Diversisporales,Diversisporaceae,NA,NA,NA,Arbuscular Mycorrhizal,Arbuscular Mycorrhizal
ITSall_OTUb_944,Fungi,Ascomycota,Pezizomycetes,Pezizales,Pezizaceae,Ruhlandiella,NA,short-distance_coarse,Ectomycorrhizal,EctoMycorrhizal
ITSall_OTUd_2843,Fungi,Basidiomycota,Agaricomycetes,Thelephorales,Thelephoraceae,Tomentella,Tomentella_coerulea,medium-distance_smooth,Ectomycorrhizal,EctoMycorrhizal
ITSall_OTUd_62,Fungi,Ascomycota,Pezizomycetes,Pezizales,Pyronemataceae,Wilcoxina,Wilcoxina_mikolae,short-distance_coarse,Ectomycorrhizal,EctoMycorrhizal
ITSall_OTUn_605,Fungi,Basidiomycota,Agaricomycetes,Boletales,Suillaceae,Suillus,NA,long-distance,Ectomycorrhizal,EctoMycorrhizal
ITSall_OTUm_6301,Fungi,Basidiomycota,Agaricomycetes,Agaricales,Cortinariaceae,Cortinarius,NA,medium-distance_fringe,Ectomycorrhizal,EctoMycorrhizal
ITSall_OTUm_39,Fungi,Basidiomycota,Agaricomycetes,Agaricales,Cortinariaceae,Cortinarius,NA,medium-distance_fringe,Ectomycorrhizal,EctoMycorrhizal
ITSall_OTUj_1432,Fungi,Ascomycota,Pezizomycetes,Pezizales,Tuberaceae,Labyrinthomyces,NA,contact,Ectomycorrhizal,EctoMycorrhizal
ITSall_OTUk_5623,Fungi,Ascomycota,Pezizomycetes,Pezizales,Tuberaceae,Labyrinthomyces,NA,contact,Ectomycorrhizal,EctoMycorrhizal
ITSall_OTUb_49,Fungi,Basidiomycota,Agaricomycetes,Agaricales,Hydnangiaceae,Laccaria,NA,short-distance_delicate,Ectomycorrhizal,EctoMycorrhizal
ITSall_OTUa_4555,Fungi,Basidiomycota,Agaricomycetes,Russulales,Russulaceae,Russula,NA,contact,Ectomycorrhizal,EctoMycorrhizal
ITSall_OTUj_3253,Fungi,Basidiomycota,Agaricomycetes,Hymenochaetales,Hymenochaetaceae,Coltricia,NA,short-distance_coarse,Ectomycorrhizal,EctoMycorrhizal
ITSall_OTUb_3024,Fungi,Basidiomycota,Agaricomycetes,Thelephorales,Thelephoraceae,Tomentella,NA,medium-distance_smooth,Ectomycorrhizal,EctoMycorrhizal
ITSall_OTUf_540,Fungi,Basidiomycota,Agaricomycetes,Hysterangiales,Hysterangiaceae,Hysterangium,NA,mat,Ectomycorrhizal,EctoMycorrhizal
ITSall_OTUe_3526,Fungi,Basidiomycota,Agaricomycetes,Russulales,Russulaceae,Russula,NA,contact,Ectomycorrhizal,EctoMycorrhizal
ITSall_OTUm_6,Fungi,Basidiomycota,Agaricomycetes,Thelephorales,Thelephoraceae,Tomentella,NA,medium-distance_smooth,Ectomycorrhizal,EctoMycorrhizal
ITSall_OTUj_255,Fungi,Basidiomycota,Agaricomycetes,Hysterangiales,Hysterangiaceae,Hysterangium,NA,mat,Ectomycorrhizal,EctoMycorrhizal
ITSall_OTUb_87,Fungi,Basidiomycota,Agaricomycetes,Boletales,Sclerodermataceae,Scleroderma,NA,long-distance,Ectomycorrhizal,EctoMycorrhizal
ITSall_OTUa_24,Fungi,Basidiomycota,Agaricomycetes,Agaricales,Bolbitiaceae,Descomyces,Descomyces_albus,short-distance_delicate,Ectomycorrhizal,EctoMycorrhizal
ITSall_OTUb_1343,Fungi,Basidiomycota,Agaricomycetes,Thelephorales,Thelephoraceae,Tomentella,NA,medium-distance_smooth,Ectomycorrhizal,EctoMycorrhizal
ITSall_OTUa_5137,Fungi,Basidiomycota,Agaricomycetes,Russulales,Russulaceae,Russula,NA,contact,Ectomycorrhizal,EctoMycorrhizal
ITSall_OTUj_5345,Fungi,Basidiomycota,Agaricomycetes,Russulales,Russulaceae,Russula,NA,contact,Ectomycorrhizal,EctoMycorrhizal
ITSall_OTUj_3122,Fungi,Basidiomycota,Agaricomycetes,Agaricales,Cortinariaceae,Cortinarius,NA,medium-distance_fringe,Ectomycorrhizal,EctoMycorrhizal
ITSall_OTUb_3146,Fungi,Basidiomycota,Agaricomycetes,Russulales,Russulaceae,Russula,NA,contact,Ectomycorrhizal,EctoMycorrhizal
ITSall_OTUg_86,Fungi,Basidiomycota,Agaricomycetes,Agaricales,Bolbitiaceae,Descomyces,NA,short-distance_delicate,Ectomycorrhizal,EctoMycorrhizal
ITSall_OTUa_7612,Fungi,Basidiomycota,Agaricomycetes,Russulales,Russulaceae,Russula,NA,contact,Ectomycorrhizal,EctoMycorrhizal
ITSall_OTUj_464,Fungi,Basidiomycota,Agaricomycetes,Russulales,Russulaceae,Lactarius,Lactarius_umerensis,medium-distance_smooth,Ectomycorrhizal,EctoMycorrhizal
ITSall_OTUc_1019,Fungi,Basidiomycota,Agaricomycetes,Thelephorales,Thelephoraceae,Tomentella,NA,medium-distance_smooth,Ectomycorrhizal,EctoMycorrhizal
ITSall_OTUa_3623,Fungi,Ascomycota,Pezizomycetes,Pezizales,Pezizaceae,Ruhlandiella,NA,short-distance_coarse,Ectomycorrhizal,EctoMycorrhizal
ITSall_OTUa_135,Fungi,Basidiomycota,Agaricomycetes,Thelephorales,Thelephoraceae,Tomentella,NA,medium-distance_smooth,Ectomycorrhizal,EctoMycorrhizal
ITSall_OTUj_1470,Fungi,Basidiomycota,Agaricomycetes,Thelephorales,Thelephoraceae,Tomentella,NA,medium-distance_smooth,Ectomycorrhizal,EctoMycorrhizal
ITSall_OTUn_2668,Fungi,Glomeromycota,Glomeromycetes,Glomerales,NA,NA,NA,NA,Arbuscular Mycorrhizal,Arbuscular Mycorrhizal
ITSall_OTUm_18,Fungi,Basidiomycota,Agaricomycetes,Agaricales,Inocybaceae,Inocybe,NA,short-distance_delicate,Ectomycorrhizal,EctoMycorrhizal
ITSall_OTUd_6737,Fungi,Basidiomycota,Agaricomycetes,Agaricales,Inocybaceae,Inocybe,NA,short-distance_delicate,Ectomycorrhizal,EctoMycorrhizal
ITSall_OTUc_2721,Fungi,Basidiomycota,Agaricomycetes,Russulales,Russulaceae,Lactarius,Lactarius_eucalypti,medium-distance_smooth,Ectomycorrhizal,EctoMycorrhizal
ITSall_OTUa_9251,Fungi,Basidiomycota,Agaricomycetes,Agaricales,Hydnangiaceae,Laccaria,NA,short-distance_delicate,Ectomycorrhizal,EctoMycorrhizal
ITSall_OTUj_4284,Fungi,Basidiomycota,Agaricomycetes,Russulales,Russulaceae,Russula,NA,contact,Ectomycorrhizal,EctoMycorrhizal
ITSall_OTUj_26564,Fungi,Basidiomycota,Agaricomycetes,Sebacinales,Serendipitaceae,Serendipita,NA,NA,Orchid Mycorrhizal,Orchid Mycorrhizal
ITSall_OTUm_386,Fungi,Basidiomycota,Agaricomycetes,Agaricales,Bolbitiaceae,Descolea,NA,short-distance_delicate,Ectomycorrhizal,EctoMycorrhizal
ITSall_OTUa_8584,Fungi,Basidiomycota,Agaricomycetes,Agaricales,Hydnangiaceae,Laccaria,Laccaria_alba,short-distance_delicate,Ectomycorrhizal,EctoMycorrhizal
ITSall_OTUa_797,Fungi,Basidiomycota,Agaricomycetes,Hysterangiales,Hysterangiaceae,Hysterangium,NA,mat,Ectomycorrhizal,EctoMycorrhizal
ITSall_OTUj_504,Fungi,Basidiomycota,Agaricomycetes,Agaricales,Cortinariaceae,Cortinarius,Cortinarius_walpolensis,medium-distance_fringe,Ectomycorrhizal,EctoMycorrhizal
ITSall_OTUa_994,Fungi,Basidiomycota,Agaricomycetes,Agaricales,Inocybaceae,Inocybe,NA,short-distance_delicate,Ectomycorrhizal,EctoMycorrhizal
ITSall_OTUa_8140,Fungi,Basidiomycota,Agaricomycetes,Agaricales,Cortinariaceae,Cortinarius,NA,medium-distance_fringe,Ectomycorrhizal,EctoMycorrhizal
ITSall_OTUa_4922,Fungi,Basidiomycota,Agaricomycetes,Agaricales,Hymenogastraceae,Hebeloma,Hebeloma_aminophilum,short-distance_delicate,Ectomycorrhizal,EctoMycorrhizal
ITSall_OTUj_20813,Fungi,Basidiomycota,Agaricomycetes,Agaricales,Cortinariaceae,Cortinarius,Cortinarius_cruentoides,medium-distance_fringe,Ectomycorrhizal,EctoMycorrhizal
ITSall_OTUn_4986,Fungi,Basidiomycota,Agaricomycetes,Agaricales,Cortinariaceae,Cortinarius,NA,medium-distance_fringe,Ectomycorrhizal,EctoMycorrhizal
ITSall_OTUj_13125,Fungi,Basidiomycota,Agaricomycetes,Cantharellales,Clavulinaceae,Clavulina,NA,contact,Ectomycorrhizal,EctoMycorrhizal
ITSall_OTUj_191,Fungi,Basidiomycota,Agaricomycetes,Russulales,Russulaceae,Russula,NA,contact,Ectomycorrhizal,EctoMycorrhizal
ITSall_OTUe_4441,Fungi,Basidiomycota,Agaricomycetes,Russulales,Russulaceae,Russula,NA,contact,Ectomycorrhizal,EctoMycorrhizal
ITSall_OTUj_119,Fungi,Basidiomycota,Agaricomycetes,Hymenochaetales,Hymenochaetaceae,Coltricia,NA,short-distance_coarse,Ectomycorrhizal,EctoMycorrhizal
ITSall_OTUa_255,Fungi,Ascomycota,Dothideomycetes,Mytilinidales,Gloniaceae,Cenococcum,NA,short-distance_coarse,Ectomycorrhizal,EctoMycorrhizal
ITSall_OTUj_10114,Fungi,Basidiomycota,Agaricomycetes,Russulales,Russulaceae,Russula,NA,contact,Ectomycorrhizal,EctoMycorrhizal
ITSall_OTUj_134,Fungi,Basidiomycota,Agaricomycetes,Hysterangiales,Hysterangiaceae,Hysterangium,NA,mat,Ectomycorrhizal,EctoMycorrhizal
ITSall_OTUf_3334,Fungi,Basidiomycota,Agaricomycetes,Thelephorales,Thelephoraceae,Tomentella,NA,medium-distance_smooth,Ectomycorrhizal,EctoMycorrhizal
ITSall_OTUc_538,Fungi,Basidiomycota,Agaricomycetes,Agaricales,Cortinariaceae,Cortinarius,NA,medium-distance_fringe,Ectomycorrhizal,EctoMycorrhizal
ITSall_OTUj_1730,Fungi,Basidiomycota,Agaricomycetes,Sebacinales,Serendipitaceae,Serendipita,NA,NA,Orchid Mycorrhizal,Orchid Mycorrhizal
ITSall_OTUj_665,Fungi,Basidiomycota,Agaricomycetes,Agaricales,Cortinariaceae,Cortinarius,Cortinarius_xenosma,medium-distance_fringe,Ectomycorrhizal,EctoMycorrhizal
ITSall_OTUj_7537,Fungi,Basidiomycota,Agaricomycetes,Agaricales,Cortinariaceae,Cortinarius,NA,medium-distance_fringe,Ectomycorrhizal,EctoMycorrhizal
ITSall_OTUj_9396,Fungi,Basidiomycota,Agaricomycetes,Russulales,Russulaceae,Russula,NA,contact,Ectomycorrhizal,EctoMycorrhizal
ITSall_OTUm_3610,Fungi,Basidiomycota,Agaricomycetes,Cantharellales,Clavulinaceae,Clavulina,NA,contact,Ectomycorrhizal,EctoMycorrhizal
ITSall_OTUj_15059,Fungi,Basidiomycota,Agaricomycetes,Agaricales,Cortinariaceae,Cortinarius,NA,medium-distance_fringe,Ectomycorrhizal,EctoMycorrhizal
ITSall_OTUm_13336,Fungi,Basidiomycota,Agaricomycetes,Agaricales,Cortinariaceae,Cortinarius,NA,medium-distance_fringe,Ectomycorrhizal,EctoMycorrhizal
ITSall_OTUj_931,Fungi,Basidiomycota,Agaricomycetes,Agaricales,Cortinariaceae,Cortinarius,NA,medium-distance_fringe,Ectomycorrhizal,EctoMycorrhizal
ITSall_OTUa_831,Fungi,Basidiomycota,Agaricomycetes,Sebacinales,Serendipitaceae,Serendipita,NA,NA,Orchid Mycorrhizal,Orchid Mycorrhizal
ITSall_OTUa_242,Fungi,Basidiomycota,Agaricomycetes,Thelephorales,Thelephoraceae,Tomentella,NA,medium-distance_smooth,Ectomycorrhizal,EctoMycorrhizal
ITSall_OTUa_6100,Fungi,Basidiomycota,Agaricomycetes,Agaricales,Cortinariaceae,Cortinarius,NA,medium-distance_fringe,Ectomycorrhizal,EctoMycorrhizal
ITSall_OTUm_25,Fungi,Basidiomycota,Agaricomycetes,Agaricales,Inocybaceae,Inocybe,Inocybe_atrisquamosa,short-distance_delicate,Ectomycorrhizal,EctoMycorrhizal
ITSall_OTUj_14525,Fungi,Basidiomycota,Agaricomycetes,Agaricales,Inocybaceae,Inocybe,Inocybe_atrisquamosa,short-distance_delicate,Ectomycorrhizal,EctoMycorrhizal
ITSall_OTUj_33,Fungi,Basidiomycota,Agaricomycetes,Russulales,Russulaceae,Russula,Russula_pseudoareolata,contact,Ectomycorrhizal,EctoMycorrhizal
ITSall_OTUj_3782,Fungi,Basidiomycota,Agaricomycetes,Agaricales,Cortinariaceae,Cortinarius,NA,medium-distance_fringe,Ectomycorrhizal,EctoMycorrhizal
ITSall_OTUa_8047,Fungi,Basidiomycota,Agaricomycetes,Cantharellales,Clavulinaceae,Clavulina,NA,contact,Ectomycorrhizal,EctoMycorrhizal
ITSall_OTUa_1866,Fungi,Basidiomycota,Agaricomycetes,Agaricales,Bolbitiaceae,Descomyces,NA,short-distance_delicate,Ectomycorrhizal,EctoMycorrhizal
ITSall_OTUa_3167,Fungi,Basidiomycota,Agaricomycetes,Agaricales,Inocybaceae,Inocybe,Inocybe_kapila,short-distance_delicate,Ectomycorrhizal,EctoMycorrhizal
ITSall_OTUd_3376,Fungi,Basidiomycota,Agaricomycetes,Agaricales,Inocybaceae,Inocybe,NA,short-distance_delicate,Ectomycorrhizal,EctoMycorrhizal
ITSall_OTUj_2275,Fungi,Basidiomycota,Agaricomycetes,Agaricales,Inocybaceae,Inocybe,NA,short-distance_delicate,Ectomycorrhizal,EctoMycorrhizal
ITSall_OTUj_2,Fungi,Basidiomycota,Agaricomycetes,Agaricales,Bolbitiaceae,Descomyces,NA,short-distance_delicate,Ectomycorrhizal,EctoMycorrhizal
ITSall_OTUa_3548,Fungi,Basidiomycota,Agaricomycetes,Sebacinales,Serendipitaceae,Serendipita,Serendipita_vermifera,NA,Orchid Mycorrhizal,Orchid Mycorrhizal
ITSall_OTUa_586,Fungi,Basidiomycota,Agaricomycetes,Agaricales,Cortinariaceae,Cortinarius,NA,medium-distance_fringe,Ectomycorrhizal,EctoMycorrhizal
ITSall_OTUj_240,Fungi,Basidiomycota,Agaricomycetes,Thelephorales,Thelephoraceae,Tomentella,NA,medium-distance_smooth,Ectomycorrhizal,EctoMycorrhizal
ITSall_OTUa_581,Fungi,Basidiomycota,Agaricomycetes,Russulales,Russulaceae,Lactarius,NA,medium-distance_smooth,Ectomycorrhizal,EctoMycorrhizal
ITSall_OTUa_2468,Fungi,Basidiomycota,Agaricomycetes,Agaricales,Inocybaceae,Inocybe,Inocybe_luteobrunnea,short-distance_delicate,Ectomycorrhizal,EctoMycorrhizal
ITSall_OTUj_100,Fungi,Basidiomycota,Agaricomycetes,Russulales,Russulaceae,Russula,NA,contact,Ectomycorrhizal,EctoMycorrhizal
ITSall_OTUj_711,Fungi,Basidiomycota,Agaricomycetes,Agaricales,Cortinariaceae,Cortinarius,NA,medium-distance_fringe,Ectomycorrhizal,EctoMycorrhizal
ITSall_OTUj_4835,Fungi,Basidiomycota,Agaricomycetes,Agaricales,Cortinariaceae,Cortinarius,Cortinarius_archeri,medium-distance_fringe,Ectomycorrhizal,EctoMycorrhizal
ITSall_OTUj_732,Fungi,Basidiomycota,Agaricomycetes,Thelephorales,Thelephoraceae,Tomentella,NA,medium-distance_smooth,Ectomycorrhizal,EctoMycorrhizal
ITSall_OTUj_927,Fungi,Basidiomycota,Agaricomycetes,Hysterangiales,Hysterangiaceae,Hysterangium,NA,mat,Ectomycorrhizal,EctoMycorrhizal
ITSall_OTUj_3441,Fungi,Glomeromycota,Glomeromycetes,Glomerales,NA,NA,NA,NA,Arbuscular Mycorrhizal,Arbuscular Mycorrhizal
ITSall_OTUm_108,Fungi,Basidiomycota,Agaricomycetes,Agaricales,Bolbitiaceae,Descomyces,NA,short-distance_delicate,Ectomycorrhizal,EctoMycorrhizal
ITSall_OTUm_4303,Fungi,Basidiomycota,Agaricomycetes,Agaricales,Inocybaceae,Inocybe,NA,short-distance_delicate,Ectomycorrhizal,EctoMycorrhizal
ITSall_OTUj_19780,Fungi,Basidiomycota,Agaricomycetes,Hysterangiales,Hysterangiaceae,Hysterangium,NA,mat,Ectomycorrhizal,EctoMycorrhizal
ITSall_OTUj_24,Fungi,Basidiomycota,Agaricomycetes,Russulales,Russulaceae,Russula,NA,contact,Ectomycorrhizal,EctoMycorrhizal
ITSall_OTUj_24420,Fungi,Basidiomycota,Agaricomycetes,Hysterangiales,Hysterangiaceae,Hysterangium,NA,mat,Ectomycorrhizal,EctoMycorrhizal
ITSall_OTUf_2693,Fungi,Glomeromycota,Glomeromycetes,Glomerales,Claroideoglomeraceae,NA,NA,NA,Arbuscular Mycorrhizal,Arbuscular Mycorrhizal
ITSall_OTUm_1834,Fungi,Glomeromycota,Glomeromycetes,Glomerales,Glomeraceae,NA,NA,NA,Arbuscular Mycorrhizal,Arbuscular Mycorrhizal
ITSall_OTUm_2367,Fungi,Glomeromycota,Archaeosporomycetes,Archaeosporales,NA,NA,NA,NA,Arbuscular Mycorrhizal,Arbuscular Mycorrhizal
ITSall_OTUj_18526,Fungi,Ascomycota,Pezizomycetes,Pezizales,Pezizaceae,Ruhlandiella,NA,short-distance_coarse,Ectomycorrhizal,EctoMycorrhizal
ITSall_OTUm_2633,Fungi,Glomeromycota,Glomeromycetes,Glomerales,Glomeraceae,NA,NA,NA,Arbuscular Mycorrhizal,Arbuscular Mycorrhizal
ITSall_OTUf_1573,Fungi,Basidiomycota,Agaricomycetes,Agaricales,Cortinariaceae,Cortinarius,NA,medium-distance_fringe,Ectomycorrhizal,EctoMycorrhizal
ITSall_OTUf_1221,Fungi,Basidiomycota,Agaricomycetes,Agaricales,Cortinariaceae,Cortinarius,NA,medium-distance_fringe,Ectomycorrhizal,EctoMycorrhizal
ITSall_OTUa_69,Fungi,Basidiomycota,Agaricomycetes,Thelephorales,Thelephoraceae,Tomentella,NA,medium-distance_smooth,Ectomycorrhizal,EctoMycorrhizal
ITSall_OTUm_1055,Fungi,Basidiomycota,Agaricomycetes,Agaricales,Cortinariaceae,Cortinarius,NA,medium-distance_fringe,Ectomycorrhizal,EctoMycorrhizal
ITSall_OTUm_38,Fungi,Basidiomycota,Agaricomycetes,Agaricales,Bolbitiaceae,Descomyces,NA,short-distance_delicate,Ectomycorrhizal,EctoMycorrhizal
ITSall_OTUm_13994,Fungi,Glomeromycota,Glomeromycetes,Glomerales,NA,NA,NA,NA,Arbuscular Mycorrhizal,Arbuscular Mycorrhizal
ITSall_OTUm_41,Fungi,Basidiomycota,Agaricomycetes,Russulales,Russulaceae,Russula,NA,contact,Ectomycorrhizal,EctoMycorrhizal
ITSall_OTUa_1553,Fungi,Basidiomycota,Agaricomycetes,Sebacinales,Serendipitaceae,Serendipita,NA,NA,Orchid Mycorrhizal,Orchid Mycorrhizal
ITSall_OTUf_986,Fungi,Glomeromycota,Glomeromycetes,Diversisporales,Diversisporaceae,NA,NA,NA,Arbuscular Mycorrhizal,Arbuscular Mycorrhizal
ITSall_OTUc_2734,Fungi,Basidiomycota,Agaricomycetes,Boletales,Pisolithaceae,Pisolithus,NA,long-distance,Ectomycorrhizal,EctoMycorrhizal
ITSall_OTUa_579,Fungi,Basidiomycota,Agaricomycetes,Boletales,Pisolithaceae,Pisolithus,NA,long-distance,Ectomycorrhizal,EctoMycorrhizal
ITSall_OTUf_452,Fungi,Glomeromycota,NA,NA,NA,NA,NA,NA,Arbuscular Mycorrhizal,Arbuscular Mycorrhizal
ITSall_OTUf_25,Fungi,Glomeromycota,Glomeromycetes,Glomerales,Glomeraceae,Rhizophagus,NA,NA,Arbuscular Mycorrhizal,Arbuscular Mycorrhizal
ITSall_OTUf_82,Fungi,Glomeromycota,Glomeromycetes,Glomerales,Glomeraceae,Glomus,NA,NA,Arbuscular Mycorrhizal,Arbuscular Mycorrhizal
ITSall_OTUj_2644,Fungi,Basidiomycota,Agaricomycetes,Agaricales,Inocybaceae,Inocybe,NA,short-distance_delicate,Ectomycorrhizal,EctoMycorrhizal
ITSall_OTUf_9,Fungi,Glomeromycota,Glomeromycetes,Glomerales,Glomeraceae,NA,NA,NA,Arbuscular Mycorrhizal,Arbuscular Mycorrhizal
ITSall_OTUj_75,Fungi,Basidiomycota,Agaricomycetes,Thelephorales,Thelephoraceae,Tomentella,NA,medium-distance_smooth,Ectomycorrhizal,EctoMycorrhizal
ITSall_OTUf_149,Fungi,Glomeromycota,Glomeromycetes,Glomerales,Glomeraceae,NA,NA,NA,Arbuscular Mycorrhizal,Arbuscular Mycorrhizal
ITSall_OTUa_1598,Fungi,Glomeromycota,Glomeromycetes,Glomerales,Glomeraceae,Glomus,NA,NA,Arbuscular Mycorrhizal,Arbuscular Mycorrhizal
ITSall_OTUf_842,Fungi,Glomeromycota,Glomeromycetes,Glomerales,Glomeraceae,NA,NA,NA,Arbuscular Mycorrhizal,Arbuscular Mycorrhizal
ITSall_OTUf_1029,Fungi,Glomeromycota,Glomeromycetes,Glomerales,Glomeraceae,NA,NA,NA,Arbuscular Mycorrhizal,Arbuscular Mycorrhizal
ITSall_OTUf_142,Fungi,Glomeromycota,Glomeromycetes,Glomerales,Glomeraceae,NA,NA,NA,Arbuscular Mycorrhizal,Arbuscular Mycorrhizal
ITSall_OTUf_1033,Fungi,Glomeromycota,Glomeromycetes,Glomerales,NA,NA,NA,NA,Arbuscular Mycorrhizal,Arbuscular Mycorrhizal
ITSall_OTUf_74,Fungi,Glomeromycota,Glomeromycetes,Glomerales,Glomeraceae,Glomus,NA,NA,Arbuscular Mycorrhizal,Arbuscular Mycorrhizal
ITSall_OTUb_6162,Fungi,Basidiomycota,Agaricomycetes,Agaricales,Cortinariaceae,Cortinarius,NA,medium-distance_fringe,Ectomycorrhizal,EctoMycorrhizal
ITSall_OTUa_7420,Fungi,Basidiomycota,Agaricomycetes,Thelephorales,Thelephoraceae,Tomentella,NA,medium-distance_smooth,Ectomycorrhizal,EctoMycorrhizal
ITSall_OTUa_9461,Fungi,Basidiomycota,Agaricomycetes,Thelephorales,Thelephoraceae,Tomentella,Tomentella_lateritia,medium-distance_smooth,Ectomycorrhizal,EctoMycorrhizal
ITSall_OTUj_687,Fungi,Basidiomycota,Agaricomycetes,Russulales,Russulaceae,Russula,Russula_roseopileata,contact,Ectomycorrhizal,EctoMycorrhizal
ITSall_OTUj_12,Fungi,Basidiomycota,Agaricomycetes,Agaricales,Inocybaceae,Inocybe,Inocybe_australiensis,short-distance_delicate,Ectomycorrhizal,EctoMycorrhizal
ITSall_OTUm_247,Fungi,Basidiomycota,Agaricomycetes,Agaricales,Bolbitiaceae,Descomyces,NA,short-distance_delicate,Ectomycorrhizal,EctoMycorrhizal
ITSall_OTUa_762,Fungi,Basidiomycota,Agaricomycetes,Boletales,Sclerodermataceae,Scleroderma,NA,long-distance,Ectomycorrhizal,EctoMycorrhizal
ITSall_OTUa_7949,Fungi,Glomeromycota,Glomeromycetes,Glomerales,NA,NA,NA,NA,Arbuscular Mycorrhizal,Arbuscular Mycorrhizal
ITSall_OTUf_257,Fungi,Glomeromycota,Glomeromycetes,Glomerales,Glomeraceae,Rhizophagus,NA,NA,Arbuscular Mycorrhizal,Arbuscular Mycorrhizal
ITSall_OTUf_171,Fungi,Glomeromycota,Glomeromycetes,Glomerales,NA,NA,NA,NA,Arbuscular Mycorrhizal,Arbuscular Mycorrhizal
ITSall_OTUa_10353,Fungi,Glomeromycota,Glomeromycetes,Glomerales,NA,NA,NA,NA,Arbuscular Mycorrhizal,Arbuscular Mycorrhizal
ITSall_OTUn_1107,Fungi,Glomeromycota,Glomeromycetes,Glomerales,Glomeraceae,NA,NA,NA,Arbuscular Mycorrhizal,Arbuscular Mycorrhizal
ITSall_OTUn_929,Fungi,Glomeromycota,Glomeromycetes,Glomerales,Glomeraceae,NA,NA,NA,Arbuscular Mycorrhizal,Arbuscular Mycorrhizal
ITSall_OTUn_7506,Fungi,Glomeromycota,Glomeromycetes,Glomerales,NA,NA,NA,NA,Arbuscular Mycorrhizal,Arbuscular Mycorrhizal
ITSall_OTUa_1090,Fungi,Basidiomycota,Agaricomycetes,Sebacinales,Serendipitaceae,Serendipita,NA,NA,Orchid Mycorrhizal,Orchid Mycorrhizal
ITSall_OTUj_7866,Fungi,Glomeromycota,Glomeromycetes,Glomerales,NA,NA,NA,NA,Arbuscular Mycorrhizal,Arbuscular Mycorrhizal
ITSall_OTUj_18403,Fungi,Basidiomycota,Agaricomycetes,Sebacinales,Serendipitaceae,Serendipita,NA,NA,Orchid Mycorrhizal,Orchid Mycorrhizal
ITSall_OTUj_2560,Fungi,Glomeromycota,Glomeromycetes,Glomerales,NA,NA,NA,NA,Arbuscular Mycorrhizal,Arbuscular Mycorrhizal
ITSall_OTUa_1255,Fungi,Basidiomycota,Agaricomycetes,Boletales,Sclerodermataceae,Scleroderma,NA,long-distance,Ectomycorrhizal,EctoMycorrhizal
ITSall_OTUb_7786,Fungi,Basidiomycota,Agaricomycetes,Agaricales,Inocybaceae,Inocybe,NA,short-distance_delicate,Ectomycorrhizal,EctoMycorrhizal
ITSall_OTUa_8467,Fungi,Basidiomycota,Agaricomycetes,Thelephorales,Thelephoraceae,Tomentella,NA,medium-distance_smooth,Ectomycorrhizal,EctoMycorrhizal
ITSall_OTUm_849,Fungi,Ascomycota,Pezizomycetes,Pezizales,Tuberaceae,Reddellomyces,NA,contact,Ectomycorrhizal,EctoMycorrhizal
ITSall_OTUj_7748,Fungi,Glomeromycota,Glomeromycetes,Glomerales,Glomeraceae,Rhizoglomus,NA,NA,Arbuscular Mycorrhizal,Arbuscular Mycorrhizal
ITSall_OTUf_619,Fungi,Glomeromycota,Glomeromycetes,Glomerales,Claroideoglomeraceae,Claroideoglomus,NA,NA,Arbuscular Mycorrhizal,Arbuscular Mycorrhizal
ITSall_OTUf_128,Fungi,Glomeromycota,Glomeromycetes,Glomerales,Glomeraceae,Rhizophagus,NA,NA,Arbuscular Mycorrhizal,Arbuscular Mycorrhizal
ITSall_OTUj_7654,Fungi,Glomeromycota,Glomeromycetes,Glomerales,Glomeraceae,Rhizoglomus,NA,NA,Arbuscular Mycorrhizal,Arbuscular Mycorrhizal
ITSall_OTUj_9981,Fungi,Glomeromycota,Glomeromycetes,Glomerales,NA,NA,NA,NA,Arbuscular Mycorrhizal,Arbuscular Mycorrhizal
ITSall_OTUj_143,Fungi,Basidiomycota,Agaricomycetes,Agaricales,Cortinariaceae,Cortinarius,NA,medium-distance_fringe,Ectomycorrhizal,EctoMycorrhizal
ITSall_OTUf_1972,Fungi,Glomeromycota,Glomeromycetes,Glomerales,Glomeraceae,NA,NA,NA,Arbuscular Mycorrhizal,Arbuscular Mycorrhizal
ITSall_OTUf_223,Fungi,Glomeromycota,Glomeromycetes,Glomerales,Glomeraceae,NA,NA,NA,Arbuscular Mycorrhizal,Arbuscular Mycorrhizal
ITSall_OTUf_68,Fungi,Glomeromycota,Glomeromycetes,Glomerales,Glomeraceae,NA,NA,NA,Arbuscular Mycorrhizal,Arbuscular Mycorrhizal
ITSall_OTUf_647,Fungi,Glomeromycota,Glomeromycetes,Glomerales,Glomeraceae,Rhizophagus,NA,NA,Arbuscular Mycorrhizal,Arbuscular Mycorrhizal
ITSall_OTUj_1167,Fungi,Basidiomycota,Agaricomycetes,Thelephorales,Thelephoraceae,Tomentella,NA,medium-distance_smooth,Ectomycorrhizal,EctoMycorrhizal
ITSall_OTUa_226,Fungi,Glomeromycota,Glomeromycetes,Glomerales,Claroideoglomeraceae,Claroideoglomus,NA,NA,Arbuscular Mycorrhizal,Arbuscular Mycorrhizal
ITSall_OTUa_460,Fungi,Glomeromycota,Glomeromycetes,Diversisporales,Diversisporaceae,NA,NA,NA,Arbuscular Mycorrhizal,Arbuscular Mycorrhizal
ITSall_OTUf_1896,Fungi,Glomeromycota,Glomeromycetes,Diversisporales,Diversisporaceae,Diversispora,NA,NA,Arbuscular Mycorrhizal,Arbuscular Mycorrhizal
ITSall_OTUf_145,Fungi,Glomeromycota,Glomeromycetes,Glomerales,Glomeraceae,NA,NA,NA,Arbuscular Mycorrhizal,Arbuscular Mycorrhizal
ITSall_OTUf_20,Fungi,Glomeromycota,Glomeromycetes,Diversisporales,Diversisporaceae,Diversispora,NA,NA,Arbuscular Mycorrhizal,Arbuscular Mycorrhizal
ITSall_OTUf_148,Fungi,Glomeromycota,Glomeromycetes,Glomerales,Glomeraceae,NA,NA,NA,Arbuscular Mycorrhizal,Arbuscular Mycorrhizal
ITSall_OTUf_220,Fungi,Glomeromycota,Glomeromycetes,Glomerales,Glomeraceae,NA,NA,NA,Arbuscular Mycorrhizal,Arbuscular Mycorrhizal
ITSall_OTUf_266,Fungi,Glomeromycota,Glomeromycetes,Diversisporales,Diversisporaceae,NA,NA,NA,Arbuscular Mycorrhizal,Arbuscular Mycorrhizal
ITSall_OTUf_67,Fungi,Glomeromycota,Glomeromycetes,Diversisporales,Diversisporaceae,NA,NA,NA,Arbuscular Mycorrhizal,Arbuscular Mycorrhizal
ITSall_OTUf_1121,Fungi,Glomeromycota,Glomeromycetes,Diversisporales,Diversisporaceae,NA,NA,NA,Arbuscular Mycorrhizal,Arbuscular Mycorrhizal
ITSall_OTUf_506,Fungi,Glomeromycota,Glomeromycetes,Diversisporales,Diversisporaceae,Diversispora,NA,NA,Arbuscular Mycorrhizal,Arbuscular Mycorrhizal
ITSall_OTUf_84,Fungi,Glomeromycota,Glomeromycetes,Diversisporales,Diversisporaceae,NA,NA,NA,Arbuscular Mycorrhizal,Arbuscular Mycorrhizal
ITSall_OTUf_719,Fungi,Glomeromycota,Glomeromycetes,Glomerales,NA,NA,NA,NA,Arbuscular Mycorrhizal,Arbuscular Mycorrhizal
ITSall_OTUf_1947,Fungi,Glomeromycota,Glomeromycetes,Glomerales,Glomeraceae,NA,NA,NA,Arbuscular Mycorrhizal,Arbuscular Mycorrhizal
ITSall_OTUa_820,Fungi,Glomeromycota,Glomeromycetes,Glomerales,Glomeraceae,Rhizophagus,NA,NA,Arbuscular Mycorrhizal,Arbuscular Mycorrhizal
ITSall_OTUf_56,Fungi,Glomeromycota,Glomeromycetes,Glomerales,NA,NA,NA,NA,Arbuscular Mycorrhizal,Arbuscular Mycorrhizal
ITSall_OTUb_420,Fungi,Glomeromycota,Glomeromycetes,Glomerales,Glomeraceae,Rhizophagus,NA,NA,Arbuscular Mycorrhizal,Arbuscular Mycorrhizal
ITSall_OTUf_395,Fungi,Glomeromycota,Glomeromycetes,Glomerales,NA,NA,NA,NA,Arbuscular Mycorrhizal,Arbuscular Mycorrhizal
ITSall_OTUc_347,Fungi,Glomeromycota,Glomeromycetes,Glomerales,Glomeraceae,NA,NA,NA,Arbuscular Mycorrhizal,Arbuscular Mycorrhizal
ITSall_OTUf_409,Fungi,Glomeromycota,Glomeromycetes,Glomerales,Glomeraceae,Rhizophagus,NA,NA,Arbuscular Mycorrhizal,Arbuscular Mycorrhizal
ITSall_OTUf_1864,Fungi,Glomeromycota,Glomeromycetes,Glomerales,Glomeraceae,Rhizophagus,NA,NA,Arbuscular Mycorrhizal,Arbuscular Mycorrhizal
ITSall_OTUf_11,Fungi,Glomeromycota,Glomeromycetes,Glomerales,NA,NA,NA,NA,Arbuscular Mycorrhizal,Arbuscular Mycorrhizal
ITSall_OTUa_1035,Fungi,Glomeromycota,Glomeromycetes,Glomerales,Glomeraceae,NA,NA,NA,Arbuscular Mycorrhizal,Arbuscular Mycorrhizal
ITSall_OTUf_2136,Fungi,Glomeromycota,Glomeromycetes,Glomerales,Glomeraceae,NA,NA,NA,Arbuscular Mycorrhizal,Arbuscular Mycorrhizal
ITSall_OTUf_122,Fungi,Glomeromycota,Glomeromycetes,Glomerales,Glomeraceae,NA,NA,NA,Arbuscular Mycorrhizal,Arbuscular Mycorrhizal
ITSall_OTUf_1333,Fungi,Glomeromycota,Glomeromycetes,Glomerales,NA,NA,NA,NA,Arbuscular Mycorrhizal,Arbuscular Mycorrhizal
ITSall_OTUj_325,Fungi,Basidiomycota,Agaricomycetes,Agaricales,Cortinariaceae,Cortinarius,NA,medium-distance_fringe,Ectomycorrhizal,EctoMycorrhizal
ITSall_OTUa_3492,Fungi,Basidiomycota,Agaricomycetes,Agaricales,Cortinariaceae,Cortinarius,NA,medium-distance_fringe,Ectomycorrhizal,EctoMycorrhizal
ITSall_OTUf_117,Fungi,Glomeromycota,Glomeromycetes,Diversisporales,NA,NA,NA,NA,Arbuscular Mycorrhizal,Arbuscular Mycorrhizal
ITSall_OTUf_646,Fungi,Glomeromycota,Glomeromycetes,Glomerales,Glomeraceae,Dominikia,Dominikia_disticha,NA,Arbuscular Mycorrhizal,Arbuscular Mycorrhizal
ITSall_OTUf_320,Fungi,Glomeromycota,Glomeromycetes,Glomerales,Glomeraceae,NA,NA,NA,Arbuscular Mycorrhizal,Arbuscular Mycorrhizal
ITSall_OTUa_5187,Fungi,Glomeromycota,Glomeromycetes,Glomerales,Glomeraceae,NA,NA,NA,Arbuscular Mycorrhizal,Arbuscular Mycorrhizal
ITSall_OTUj_1364,Fungi,Ascomycota,Pezizomycetes,Pezizales,Tuberaceae,Reddellomyces,NA,contact,Ectomycorrhizal,EctoMycorrhizal
ITSall_OTUa_1564,Fungi,Basidiomycota,Agaricomycetes,Agaricales,Inocybaceae,Inocybe,NA,short-distance_delicate,Ectomycorrhizal,EctoMycorrhizal
ITSall_OTUm_4889,Fungi,Glomeromycota,Glomeromycetes,Diversisporales,Diversisporaceae,NA,NA,NA,Arbuscular Mycorrhizal,Arbuscular Mycorrhizal
ITSall_OTUj_16486,Fungi,Glomeromycota,Glomeromycetes,Glomerales,Glomeraceae,Rhizophagus,Rhizophagus_custos,NA,Arbuscular Mycorrhizal,Arbuscular Mycorrhizal
ITSall_OTUf_129,Fungi,Glomeromycota,NA,NA,NA,NA,NA,NA,Arbuscular Mycorrhizal,Arbuscular Mycorrhizal
ITSall_OTUj_23243,Fungi,Basidiomycota,Agaricomycetes,Boletales,Pisolithaceae,Pisolithus,Pisolithus_albus,long-distance,Ectomycorrhizal,EctoMycorrhizal
ITSall_OTUf_160,Fungi,Glomeromycota,Glomeromycetes,Glomerales,Glomeraceae,Glomus,NA,NA,Arbuscular Mycorrhizal,Arbuscular Mycorrhizal
ITSall_OTUf_3057,Fungi,Glomeromycota,Glomeromycetes,Glomerales,Glomeraceae,NA,NA,NA,Arbuscular Mycorrhizal,Arbuscular Mycorrhizal
ITSall_OTUf_245,Fungi,Glomeromycota,Glomeromycetes,Glomerales,Glomeraceae,NA,NA,NA,Arbuscular Mycorrhizal,Arbuscular Mycorrhizal
ITSall_OTUj_13140,Fungi,Ascomycota,Pezizomycetes,Pezizales,Pezizaceae,Ruhlandiella,NA,short-distance_coarse,Ectomycorrhizal,EctoMycorrhizal
ITSall_OTUj_8798,Fungi,Glomeromycota,Glomeromycetes,Glomerales,Glomeraceae,Glomus,NA,NA,Arbuscular Mycorrhizal,Arbuscular Mycorrhizal
ITSall_OTUd_942,Fungi,Ascomycota,Pezizomycetes,Pezizales,Pezizaceae,Ruhlandiella,NA,short-distance_coarse,Ectomycorrhizal,EctoMycorrhizal
ITSall_OTUa_289,Fungi,Ascomycota,Pezizomycetes,Pezizales,Pezizaceae,Ruhlandiella,NA,short-distance_coarse,Ectomycorrhizal,EctoMycorrhizal
ITSall_OTUa_124,Fungi,Basidiomycota,Agaricomycetes,Agaricales,Cortinariaceae,Cortinarius,NA,medium-distance_fringe,Ectomycorrhizal,EctoMycorrhizal
ITSall_OTUa_6596,Fungi,Glomeromycota,Archaeosporomycetes,Archaeosporales,Archaeosporaceae,NA,NA,NA,Arbuscular Mycorrhizal,Arbuscular Mycorrhizal
ITSall_OTUf_1099,Fungi,Glomeromycota,Glomeromycetes,Glomerales,NA,NA,NA,NA,Arbuscular Mycorrhizal,Arbuscular Mycorrhizal
ITSall_OTUm_12230,Fungi,Glomeromycota,Glomeromycetes,Glomerales,NA,NA,NA,NA,Arbuscular Mycorrhizal,Arbuscular Mycorrhizal
ITSall_OTUf_2572,Fungi,Glomeromycota,Glomeromycetes,Glomerales,NA,NA,NA,NA,Arbuscular Mycorrhizal,Arbuscular Mycorrhizal
ITSall_OTUm_10182,Fungi,Basidiomycota,Agaricomycetes,Hysterangiales,Hysterangiaceae,Hysterangium,NA,mat,Ectomycorrhizal,EctoMycorrhizal
ITSall_OTUj_5510,Fungi,Glomeromycota,Glomeromycetes,NA,NA,NA,NA,NA,Arbuscular Mycorrhizal,Arbuscular Mycorrhizal
ITSall_OTUe_1702,Fungi,Glomeromycota,Glomeromycetes,Glomerales,Glomeraceae,NA,NA,NA,Arbuscular Mycorrhizal,Arbuscular Mycorrhizal
ITSall_OTUa_7590,Fungi,Glomeromycota,Glomeromycetes,Glomerales,NA,NA,NA,NA,Arbuscular Mycorrhizal,Arbuscular Mycorrhizal
ITSall_OTUm_4579,Fungi,Basidiomycota,Agaricomycetes,Thelephorales,Thelephoraceae,Tomentella,NA,medium-distance_smooth,Ectomycorrhizal,EctoMycorrhizal
ITSall_OTUj_19268,Fungi,Glomeromycota,Glomeromycetes,Glomerales,Glomeraceae,NA,NA,NA,Arbuscular Mycorrhizal,Arbuscular Mycorrhizal
ITSall_OTUj_20410,Fungi,Glomeromycota,Glomeromycetes,Glomerales,NA,NA,NA,NA,Arbuscular Mycorrhizal,Arbuscular Mycorrhizal
ITSall_OTUm_5534,Fungi,Glomeromycota,Glomeromycetes,Glomerales,Glomeraceae,Glomus,NA,NA,Arbuscular Mycorrhizal,Arbuscular Mycorrhizal
ITSall_OTUc_1423,Fungi,Basidiomycota,Agaricomycetes,Boletales,Pisolithaceae,Pisolithus,Pisolithus_arhizus,long-distance,Ectomycorrhizal,EctoMycorrhizal
ITSall_OTUf_166,Fungi,Glomeromycota,Glomeromycetes,Glomerales,Glomeraceae,NA,NA,NA,Arbuscular Mycorrhizal,Arbuscular Mycorrhizal
ITSall_OTUa_1974,Fungi,Glomeromycota,Glomeromycetes,Glomerales,Glomeraceae,Glomus,NA,NA,Arbuscular Mycorrhizal,Arbuscular Mycorrhizal
ITSall_OTUj_6419,Fungi,Basidiomycota,Agaricomycetes,Agaricales,Cortinariaceae,Cortinarius,NA,medium-distance_fringe,Ectomycorrhizal,EctoMycorrhizal
ITSall_OTUj_15220,Fungi,Glomeromycota,Glomeromycetes,Glomerales,NA,NA,NA,NA,Arbuscular Mycorrhizal,Arbuscular Mycorrhizal
ITSall_OTUm_12702,Fungi,Glomeromycota,Glomeromycetes,Glomerales,Glomeraceae,Rhizophagus,NA,NA,Arbuscular Mycorrhizal,Arbuscular Mycorrhizal
ITSall_OTUf_2939,Fungi,Glomeromycota,Glomeromycetes,Glomerales,NA,NA,NA,NA,Arbuscular Mycorrhizal,Arbuscular Mycorrhizal
ITSall_OTUj_7641,Fungi,Glomeromycota,Glomeromycetes,Glomerales,Glomeraceae,NA,NA,NA,Arbuscular Mycorrhizal,Arbuscular Mycorrhizal
ITSall_OTUf_722,Fungi,Glomeromycota,Glomeromycetes,Glomerales,Glomeraceae,Rhizophagus,NA,NA,Arbuscular Mycorrhizal,Arbuscular Mycorrhizal
ITSall_OTUf_1009,Fungi,Glomeromycota,Glomeromycetes,Glomerales,NA,NA,NA,NA,Arbuscular Mycorrhizal,Arbuscular Mycorrhizal
ITSall_OTUf_235,Fungi,Glomeromycota,Glomeromycetes,Glomerales,Glomeraceae,NA,NA,NA,Arbuscular Mycorrhizal,Arbuscular Mycorrhizal
ITSall_OTUm_13110,Fungi,Basidiomycota,Agaricomycetes,Agaricales,Inocybaceae,Inocybe,NA,short-distance_delicate,Ectomycorrhizal,EctoMycorrhizal
ITSall_OTUa_1513,Fungi,Glomeromycota,Glomeromycetes,Glomerales,NA,NA,NA,NA,Arbuscular Mycorrhizal,Arbuscular Mycorrhizal
ITSall_OTUa_337,Fungi,Basidiomycota,Agaricomycetes,Thelephorales,Thelephoraceae,NA,NA,NA,Ectomycorrhizal-Undefined Saprotroph,EctoMycorrhizal
ITSall_OTUj_18500,Fungi,Basidiomycota,Agaricomycetes,Thelephorales,Thelephoraceae,NA,NA,NA,Ectomycorrhizal-Undefined Saprotroph,EctoMycorrhizal
ITSall_OTUa_7,Fungi,Basidiomycota,Agaricomycetes,Thelephorales,Thelephoraceae,NA,NA,NA,Ectomycorrhizal-Undefined Saprotroph,EctoMycorrhizal
ITSall_OTUa_985,Fungi,Basidiomycota,Agaricomycetes,Boletales,Boletaceae,NA,NA,NA,Ectomycorrhizal-Fungal Parasite-Plant Saprotroph-Wood Saprotroph,EctoMycorrhizal
ITSall_OTUa_407,Fungi,Ascomycota,Leotiomycetes,Helotiales,Leotiaceae,Pezoloma,Pezoloma_ericae,NA,Bryophyte Parasite-Ectomycorrhizal-Ericoid Mycorrhizal,EctoMycorrhizal
ITSall_OTUa_2752,Fungi,Basidiomycota,Agaricomycetes,Agaricales,Tricholomataceae,NA,NA,NA,Ectomycorrhizal-Fungal Parasite,EctoMycorrhizal
ITSall_OTUj_887,Fungi,Basidiomycota,Agaricomycetes,Agaricales,Tricholomataceae,NA,NA,NA,Ectomycorrhizal-Fungal Parasite,EctoMycorrhizal
ITSall_OTUb_8483,Fungi,Basidiomycota,Agaricomycetes,Thelephorales,Thelephoraceae,NA,NA,NA,Ectomycorrhizal-Undefined Saprotroph,EctoMycorrhizal
ITSall_OTUa_4326,Fungi,Basidiomycota,Agaricomycetes,Thelephorales,Thelephoraceae,Thelephora,NA,medium-distance_smooth,Ectomycorrhizal-Undefined Saprotroph,EctoMycorrhizal
ITSall_OTUj_9341,Fungi,Basidiomycota,Agaricomycetes,Agaricales,Tricholomataceae,NA,NA,NA,Ectomycorrhizal-Fungal Parasite,EctoMycorrhizal
ITSall_OTUe_657,Fungi,Basidiomycota,Agaricomycetes,Thelephorales,Thelephoraceae,NA,NA,NA,Ectomycorrhizal-Undefined Saprotroph,EctoMycorrhizal
ITSall_OTUa_1589,Fungi,Basidiomycota,Agaricomycetes,Thelephorales,Thelephoraceae,NA,NA,NA,Ectomycorrhizal-Undefined Saprotroph,EctoMycorrhizal
ITSall_OTUa_250,Fungi,Basidiomycota,Agaricomycetes,Thelephorales,Thelephoraceae,NA,NA,NA,Ectomycorrhizal-Undefined Saprotroph,EctoMycorrhizal
ITSall_OTUj_187,Fungi,Basidiomycota,Agaricomycetes,Thelephorales,Thelephoraceae,NA,NA,NA,Ectomycorrhizal-Undefined Saprotroph,EctoMycorrhizal
ITSall_OTUb_5056,Fungi,Basidiomycota,Agaricomycetes,Thelephorales,Thelephoraceae,Thelephora,Thelephora_terrestris,medium-distance_smooth,Ectomycorrhizal-Undefined Saprotroph,EctoMycorrhizal
ITSall_OTUd_1995,Fungi,Ascomycota,Leotiomycetes,Helotiales,Myxotrichaceae,Myxotrichum,Myxotrichum_setosum,NA,Ericoid Mycorrhizal-Undefined Saprotroph,Ericoid Mycorrhizal
ITSall_OTUd_6649,Fungi,Basidiomycota,Agaricomycetes,Thelephorales,Thelephoraceae,Thelephora,NA,medium-distance_smooth,Ectomycorrhizal-Undefined Saprotroph,EctoMycorrhizal
ITSall_OTUa_4674,Fungi,Basidiomycota,Agaricomycetes,Thelephorales,Thelephoraceae,NA,NA,NA,Ectomycorrhizal-Undefined Saprotroph,EctoMycorrhizal
ITSall_OTUj_1746,Fungi,Basidiomycota,Agaricomycetes,Thelephorales,Thelephoraceae,NA,NA,NA,Ectomycorrhizal-Undefined Saprotroph,EctoMycorrhizal
ITSall_OTUj_15633,Fungi,Basidiomycota,Agaricomycetes,Thelephorales,Thelephoraceae,NA,NA,NA,Ectomycorrhizal-Undefined Saprotroph,EctoMycorrhizal
ITSall_OTUa_3103,Fungi,Basidiomycota,Agaricomycetes,Thelephorales,Thelephoraceae,NA,NA,NA,Ectomycorrhizal-Undefined Saprotroph,EctoMycorrhizal
ITSall_OTUj_28087,Fungi,Basidiomycota,Agaricomycetes,Agaricales,Amanitaceae,Amanita,NA,contact,Ectomycorrhizal-Undefined Saprotroph,EctoMycorrhizal
ITSall_OTUa_4625,Fungi,Basidiomycota,Agaricomycetes,Hysterangiales,Hysterangiaceae,NA,NA,NA,Ectomycorrhizal-Undefined Saprotroph,EctoMycorrhizal
ITSall_OTUj_5096,Fungi,Basidiomycota,Agaricomycetes,Agaricales,Amanitaceae,Amanita,NA,contact,Ectomycorrhizal-Undefined Saprotroph,EctoMycorrhizal
ITSall_OTUj_383,Fungi,Basidiomycota,Agaricomycetes,Thelephorales,Thelephoraceae,NA,NA,NA,Ectomycorrhizal-Undefined Saprotroph,EctoMycorrhizal
ITSall_OTUa_4,Fungi,Basidiomycota,Agaricomycetes,Agaricales,Tricholomataceae,NA,NA,NA,Ectomycorrhizal-Fungal Parasite,EctoMycorrhizal
ITSall_OTUb_1011,Fungi,Basidiomycota,Agaricomycetes,Agaricales,Amanitaceae,Amanita,NA,contact,Ectomycorrhizal-Undefined Saprotroph,EctoMycorrhizal
ITSall_OTUm_461,Fungi,Basidiomycota,Agaricomycetes,Thelephorales,Thelephoraceae,NA,NA,NA,Ectomycorrhizal-Undefined Saprotroph,EctoMycorrhizal
ITSall_OTUm_6714,Fungi,Basidiomycota,Agaricomycetes,Thelephorales,Thelephoraceae,NA,NA,NA,Ectomycorrhizal-Undefined Saprotroph,EctoMycorrhizal
ITSall_OTUb_7479,Fungi,Basidiomycota,Agaricomycetes,Thelephorales,Thelephoraceae,NA,NA,NA,Ectomycorrhizal-Undefined Saprotroph,EctoMycorrhizal
ITSall_OTUa_80,Fungi,Basidiomycota,Agaricomycetes,Agaricales,Tricholomataceae,NA,NA,NA,Ectomycorrhizal-Fungal Parasite,EctoMycorrhizal
ITSall_OTUg_116,Fungi,Basidiomycota,Agaricomycetes,Thelephorales,Thelephoraceae,NA,NA,NA,Ectomycorrhizal-Undefined Saprotroph,EctoMycorrhizal
ITSall_OTUj_165,Fungi,Basidiomycota,Agaricomycetes,Thelephorales,Thelephoraceae,NA,NA,NA,Ectomycorrhizal-Undefined Saprotroph,EctoMycorrhizal
ITSall_OTUa_485,Fungi,Basidiomycota,Agaricomycetes,Agaricales,Tricholomataceae,NA,NA,NA,Ectomycorrhizal-Fungal Parasite,EctoMycorrhizal
ITSall_OTUm_916,Fungi,Basidiomycota,Agaricomycetes,Hysterangiales,Hysterangiaceae,NA,NA,NA,Ectomycorrhizal-Undefined Saprotroph,EctoMycorrhizal
ITSall_OTUa_68,Fungi,Basidiomycota,Agaricomycetes,Thelephorales,Thelephoraceae,NA,NA,NA,Ectomycorrhizal-Undefined Saprotroph,EctoMycorrhizal
ITSall_OTUj_1867,Fungi,Basidiomycota,Agaricomycetes,Thelephorales,Thelephoraceae,NA,NA,NA,Ectomycorrhizal-Undefined Saprotroph,EctoMycorrhizal
ITSall_OTUa_3228,Fungi,Basidiomycota,Agaricomycetes,Thelephorales,Thelephoraceae,NA,NA,NA,Ectomycorrhizal-Undefined Saprotroph,EctoMycorrhizal
ITSall_OTUj_1399,Fungi,Basidiomycota,Agaricomycetes,Agaricales,Amanitaceae,Amanita,NA,contact,Ectomycorrhizal-Undefined Saprotroph,EctoMycorrhizal
ITSall_OTUj_7379,Fungi,Basidiomycota,Agaricomycetes,Agaricales,Amanitaceae,Amanita,NA,contact,Ectomycorrhizal-Undefined Saprotroph,EctoMycorrhizal
ITSall_OTUa_6600,Fungi,Basidiomycota,Agaricomycetes,Agaricales,Tricholomataceae,NA,NA,NA,Ectomycorrhizal-Fungal Parasite,EctoMycorrhizal
ITSall_OTUa_10308,Fungi,Basidiomycota,Agaricomycetes,Thelephorales,Thelephoraceae,NA,NA,NA,Ectomycorrhizal-Undefined Saprotroph,EctoMycorrhizal
ITSall_OTUa_32,Fungi,Basidiomycota,Agaricomycetes,Agaricales,Amanitaceae,Amanita,NA,contact,Ectomycorrhizal-Undefined Saprotroph,EctoMycorrhizal
ITSall_OTUa_1039,Fungi,Basidiomycota,Agaricomycetes,Agaricales,Tricholomataceae,NA,NA,NA,Ectomycorrhizal-Fungal Parasite,EctoMycorrhizal
ITSall_OTUj_12987,Fungi,Basidiomycota,Agaricomycetes,Agaricales,Amanitaceae,Amanita,NA,contact,Ectomycorrhizal-Undefined Saprotroph,EctoMycorrhizal
ITSall_OTUj_16546,Fungi,Basidiomycota,Agaricomycetes,Thelephorales,Thelephoraceae,NA,NA,NA,Ectomycorrhizal-Undefined Saprotroph,EctoMycorrhizal
ITSall_OTUa_2909,Fungi,Basidiomycota,Agaricomycetes,Agaricales,Pluteaceae,NA,NA,NA,Bryophyte Parasite-Ectomycorrhizal-Litter Saprotroph-Wood Saprotroph,EctoMycorrhizal
ITSall_OTUa_5074,Fungi,Basidiomycota,Agaricomycetes,Hysterangiales,Hysterangiaceae,NA,NA,NA,Ectomycorrhizal-Undefined Saprotroph,EctoMycorrhizal
ITSall_OTUj_676,Fungi,Basidiomycota,Agaricomycetes,Agaricales,Tricholomataceae,Bonomyces,NA,NA,Ectomycorrhizal-Fungal Parasite,EctoMycorrhizal
ITSall_OTUj_497,Fungi,Basidiomycota,Agaricomycetes,Thelephorales,Thelephoraceae,NA,NA,NA,Ectomycorrhizal-Undefined Saprotroph,EctoMycorrhizal
ITSall_OTUb_82,Fungi,Basidiomycota,Agaricomycetes,Agaricales,Amanitaceae,Amanita,Amanita_marmorata,contact,Ectomycorrhizal-Undefined Saprotroph,EctoMycorrhizal
ITSall_OTUb_156,Fungi,Basidiomycota,Agaricomycetes,Thelephorales,Thelephoraceae,NA,NA,NA,Ectomycorrhizal-Undefined Saprotroph,EctoMycorrhizal
ITSall_OTUm_56,Fungi,Basidiomycota,Agaricomycetes,Thelephorales,Thelephoraceae,NA,NA,NA,Ectomycorrhizal-Undefined Saprotroph,EctoMycorrhizal
ITSall_OTUm_2382,Fungi,Basidiomycota,Agaricomycetes,Thelephorales,Thelephoraceae,NA,NA,NA,Ectomycorrhizal-Undefined Saprotroph,EctoMycorrhizal
ITSall_OTUj_763,Fungi,Basidiomycota,Agaricomycetes,Agaricales,Tricholomataceae,NA,NA,NA,Ectomycorrhizal-Fungal Parasite,EctoMycorrhizal
ITSall_OTUb_8103,Fungi,Basidiomycota,Agaricomycetes,Thelephorales,Thelephoraceae,NA,NA,NA,Ectomycorrhizal-Undefined Saprotroph,EctoMycorrhizal
ITSall_OTUm_183,Fungi,Basidiomycota,Agaricomycetes,Thelephorales,Thelephoraceae,NA,NA,NA,Ectomycorrhizal-Undefined Saprotroph,EctoMycorrhizal
ITSall_OTUk_1382,Fungi,Basidiomycota,Agaricomycetes,Thelephorales,Thelephoraceae,Thelephora,NA,medium-distance_smooth,Ectomycorrhizal-Undefined Saprotroph,EctoMycorrhizal
ITSall_OTUj_2388,Fungi,Basidiomycota,Agaricomycetes,Agaricales,Tricholomataceae,NA,NA,NA,Ectomycorrhizal-Fungal Parasite,EctoMycorrhizal
ITSall_OTUm_6699,Fungi,Basidiomycota,Agaricomycetes,Thelephorales,Thelephoraceae,NA,NA,NA,Ectomycorrhizal-Undefined Saprotroph,EctoMycorrhizal
ITSall_OTUn_12163,Fungi,Basidiomycota,Agaricomycetes,Thelephorales,Thelephoraceae,NA,NA,NA,Ectomycorrhizal-Undefined Saprotroph,EctoMycorrhizal
ITSall_OTUm_638,Fungi,Basidiomycota,Agaricomycetes,Thelephorales,Thelephoraceae,NA,NA,NA,Ectomycorrhizal-Undefined Saprotroph,EctoMycorrhizal
ITSall_OTUb_381,Fungi,Basidiomycota,Agaricomycetes,Agaricales,Tricholomataceae,NA,NA,NA,Ectomycorrhizal-Fungal Parasite,EctoMycorrhizal
ITSall_OTUj_10109,Fungi,Basidiomycota,Agaricomycetes,Thelephorales,Thelephoraceae,NA,NA,NA,Ectomycorrhizal-Undefined Saprotroph,EctoMycorrhizal
ITSall_OTUb_4980,Fungi,Basidiomycota,Agaricomycetes,Agaricales,Tricholomataceae,NA,NA,NA,Ectomycorrhizal-Fungal Parasite,EctoMycorrhizal
ITSall_OTUj_15583,Fungi,Basidiomycota,Agaricomycetes,Agaricales,Tricholomataceae,NA,NA,NA,Ectomycorrhizal-Fungal Parasite,EctoMycorrhizal
ITSall_OTUj_1627,Fungi,Basidiomycota,Agaricomycetes,Agaricales,Tricholomataceae,NA,NA,NA,Ectomycorrhizal-Fungal Parasite,EctoMycorrhizal
ITSall_OTUa_783,Fungi,Basidiomycota,Agaricomycetes,Agaricales,Tricholomataceae,NA,NA,NA,Ectomycorrhizal-Fungal Parasite,EctoMycorrhizal
ITSall_OTUj_5788,Fungi,Basidiomycota,Agaricomycetes,Agaricales,Tricholomataceae,NA,NA,NA,Ectomycorrhizal-Fungal Parasite,EctoMycorrhizal
ITSall_OTUa_4308,Fungi,Basidiomycota,Agaricomycetes,Agaricales,Pluteaceae,NA,NA,NA,Bryophyte Parasite-Ectomycorrhizal-Litter Saprotroph-Wood Saprotroph,EctoMycorrhizal
ITSall_OTUn_893,Fungi,Basidiomycota,Agaricomycetes,Thelephorales,Thelephoraceae,NA,NA,NA,Ectomycorrhizal-Undefined Saprotroph,EctoMycorrhizal
ITSall_OTUi_989,Fungi,Basidiomycota,Agaricomycetes,Agaricales,Tricholomataceae,NA,NA,NA,Ectomycorrhizal-Fungal Parasite,EctoMycorrhizal
ITSall_OTUm_1199,Fungi,Basidiomycota,Agaricomycetes,Thelephorales,Thelephoraceae,NA,NA,NA,Ectomycorrhizal-Undefined Saprotroph,EctoMycorrhizal
ITSall_OTUj_236,Fungi,Basidiomycota,Agaricomycetes,Agaricales,Tricholomataceae,NA,NA,NA,Ectomycorrhizal-Fungal Parasite,EctoMycorrhizal
ITSall_OTUn_2515,Fungi,Basidiomycota,Agaricomycetes,Thelephorales,Thelephoraceae,NA,NA,NA,Ectomycorrhizal-Undefined Saprotroph,EctoMycorrhizal
ITSall_OTUe_5365,Fungi,Basidiomycota,Agaricomycetes,Agaricales,Tricholomataceae,NA,NA,NA,Ectomycorrhizal-Fungal Parasite,EctoMycorrhizal
ITSall_OTUa_13,Fungi,Basidiomycota,Agaricomycetes,Agaricales,Hydnangiaceae,Laccaria,NA,short-distance_delicate,Ectomycorrhizal,Ectomycorrhizal
ITSall_OTUb_427,Fungi,Basidiomycota,Agaricomycetes,Agaricales,Hydnangiaceae,Laccaria,NA,short-distance_delicate,Ectomycorrhizal,Ectomycorrhizal
ITSall_OTUa_90,Fungi,Basidiomycota,Agaricomycetes,Thelephorales,Thelephoraceae,Tomentella,NA,medium-distance_smooth,Ectomycorrhizal,Ectomycorrhizal
ITSall_OTUc_718,Fungi,Glomeromycota,Glomeromycetes,Glomerales,NA,NA,NA,NA,Arbuscular Mycorrhizal,Arbuscular Mycorrhizal
ITSall_OTUd_1875,Fungi,Basidiomycota,Agaricomycetes,Agaricales,Inocybaceae,Inocybe,NA,short-distance_delicate,Ectomycorrhizal,Ectomycorrhizal
ITSall_OTUm_14021,Fungi,Glomeromycota,Glomeromycetes,Glomerales,NA,NA,NA,NA,Arbuscular Mycorrhizal,Arbuscular Mycorrhizal
ITSall_OTUf_598,Fungi,Glomeromycota,Glomeromycetes,Gigasporales,Gigasporaceae,Gigaspora,Gigaspora_margarita,NA,Arbuscular Mycorrhizal,Arbuscular Mycorrhizal
ITSall_OTUb_9,Fungi,Glomeromycota,Glomeromycetes,Gigasporales,Gigasporaceae,Gigaspora,Gigaspora_margarita,NA,Arbuscular Mycorrhizal,Arbuscular Mycorrhizal
ITSall_OTUa_56,Fungi,Glomeromycota,Glomeromycetes,Gigasporales,Gigasporaceae,Gigaspora,NA,NA,Arbuscular Mycorrhizal,Arbuscular Mycorrhizal
ITSall_OTUf_2048,Fungi,Glomeromycota,Glomeromycetes,Gigasporales,Gigasporaceae,Gigaspora,NA,NA,Arbuscular Mycorrhizal,Arbuscular Mycorrhizal
ITSall_OTUf_830,Fungi,Glomeromycota,Glomeromycetes,Gigasporales,Gigasporaceae,Gigaspora,NA,NA,Arbuscular Mycorrhizal,Arbuscular Mycorrhizal
ITSall_OTUa_1273,Fungi,Glomeromycota,Glomeromycetes,Glomerales,NA,NA,NA,NA,Arbuscular Mycorrhizal,Arbuscular Mycorrhizal
ITSall_OTUm_14806,Fungi,Glomeromycota,Glomeromycetes,Glomerales,Glomeraceae,Rhizophagus,NA,NA,Arbuscular Mycorrhizal,Arbuscular Mycorrhizal
ITSall_OTUa_137,Fungi,Glomeromycota,Glomeromycetes,Glomerales,Claroideoglomeraceae,Claroideoglomus,NA,NA,Arbuscular Mycorrhizal,Arbuscular Mycorrhizal
ITSall_OTUa_433,Fungi,Glomeromycota,Glomeromycetes,Glomerales,NA,NA,NA,NA,Arbuscular Mycorrhizal,Arbuscular Mycorrhizal
ITSall_OTUa_6451,Fungi,Glomeromycota,Glomeromycetes,Glomerales,Glomeraceae,NA,NA,NA,Arbuscular Mycorrhizal,Arbuscular Mycorrhizal
ITSall_OTUa_3688,Fungi,Glomeromycota,Glomeromycetes,Glomerales,NA,NA,NA,NA,Arbuscular Mycorrhizal,Arbuscular Mycorrhizal
ITSall_OTUa_120,Fungi,Glomeromycota,Glomeromycetes,Glomerales,NA,NA,NA,NA,Arbuscular Mycorrhizal,Arbuscular Mycorrhizal
ITSall_OTUa_85,Fungi,Ascomycota,Pezizomycetes,Pezizales,Pezizaceae,Ruhlandiella,NA,short-distance_coarse,Ectomycorrhizal,Ectomycorrhizal
ITSall_OTUa_151,Fungi,Basidiomycota,Agaricomycetes,Thelephorales,Thelephoraceae,Tomentella,NA,medium-distance_smooth,Ectomycorrhizal,Ectomycorrhizal
ITSall_OTUb_8123,Fungi,Basidiomycota,Agaricomycetes,Thelephorales,Thelephoraceae,Tomentella,NA,medium-distance_smooth,Ectomycorrhizal,Ectomycorrhizal
ITSall_OTUa_2374,Fungi,Basidiomycota,Agaricomycetes,Agaricales,Inocybaceae,Tubariomyces,NA,short-distance_delicate,Ectomycorrhizal,Ectomycorrhizal
ITSall_OTUj_161,Fungi,Basidiomycota,Agaricomycetes,Agaricales,Inocybaceae,Inocybe,Inocybe_dewrangia,short-distance_delicate,Ectomycorrhizal,Ectomycorrhizal
ITSall_OTUa_130,Fungi,Basidiomycota,Agaricomycetes,Agaricales,Inocybaceae,Inocybe,NA,short-distance_delicate,Ectomycorrhizal,Ectomycorrhizal
ITSall_OTUf_3257,Fungi,Basidiomycota,Agaricomycetes,Agaricales,Hydnangiaceae,Laccaria,NA,short-distance_delicate,Ectomycorrhizal,Ectomycorrhizal
ITSall_OTUa_6317,Fungi,Glomeromycota,Glomeromycetes,Gigasporales,Gigasporaceae,NA,NA,NA,Arbuscular Mycorrhizal,Arbuscular Mycorrhizal
ITSall_OTUa_3137,Fungi,Glomeromycota,Glomeromycetes,Gigasporales,Gigasporaceae,Dentiscutata,NA,NA,Arbuscular Mycorrhizal,Arbuscular Mycorrhizal
ITSall_OTUa_889,Fungi,Glomeromycota,Glomeromycetes,Diversisporales,Acaulosporaceae,NA,NA,NA,Arbuscular Mycorrhizal,Arbuscular Mycorrhizal
ITSall_OTUa_7407,Fungi,Glomeromycota,Glomeromycetes,Gigasporales,NA,NA,NA,NA,Arbuscular Mycorrhizal,Arbuscular Mycorrhizal
ITSall_OTUj_6744,Fungi,Glomeromycota,Glomeromycetes,Glomerales,NA,NA,NA,NA,Arbuscular Mycorrhizal,Arbuscular Mycorrhizal
ITSall_OTUa_579,Fungi,Basidiomycota,Agaricomycetes,Boletales,Pisolithaceae,Pisolithus,NA,long-distance,Ectomycorrhizal,Ectomycorrhizal
ITSall_OTUa_720,Fungi,Basidiomycota,Agaricomycetes,Boletales,Pisolithaceae,Pisolithus,NA,long-distance,Ectomycorrhizal,Ectomycorrhizal
ITSall_OTUf_2344,Fungi,Glomeromycota,Glomeromycetes,Gigasporales,Gigasporaceae,NA,NA,NA,Arbuscular Mycorrhizal,Arbuscular Mycorrhizal
ITSall_OTUb_37,Fungi,Glomeromycota,Glomeromycetes,Gigasporales,Gigasporaceae,Gigaspora,NA,NA,Arbuscular Mycorrhizal,Arbuscular Mycorrhizal
ITSall_OTUa_3636,Fungi,Glomeromycota,Glomeromycetes,Glomerales,Glomeraceae,Rhizophagus,NA,NA,Arbuscular Mycorrhizal,Arbuscular Mycorrhizal
ITSall_OTUa_4354,Fungi,Glomeromycota,Glomeromycetes,Glomerales,NA,NA,NA,NA,Arbuscular Mycorrhizal,Arbuscular Mycorrhizal
ITSall_OTUc_2700,Fungi,Glomeromycota,Glomeromycetes,Glomerales,Glomeraceae,Rhizophagus,NA,NA,Arbuscular Mycorrhizal,Arbuscular Mycorrhizal
ITSall_OTUa_851,Fungi,Glomeromycota,Archaeosporomycetes,Archaeosporales,Ambisporaceae,NA,NA,NA,Arbuscular Mycorrhizal,Arbuscular Mycorrhizal
ITSall_OTUa_1001,Fungi,Glomeromycota,Glomeromycetes,NA,NA,NA,NA,NA,Arbuscular Mycorrhizal,Arbuscular Mycorrhizal
ITSall_OTUa_696,Fungi,Basidiomycota,Agaricomycetes,Thelephorales,Thelephoraceae,Tomentella,Tomentella_hjortstamiana,medium-distance_smooth,Ectomycorrhizal,Ectomycorrhizal
ITSall_OTUa_6570,Fungi,Glomeromycota,Archaeosporomycetes,Archaeosporales,Ambisporaceae,NA,NA,NA,Arbuscular Mycorrhizal,Arbuscular Mycorrhizal
ITSall_OTUa_484,Fungi,Glomeromycota,Glomeromycetes,Glomerales,Glomeraceae,NA,NA,NA,Arbuscular Mycorrhizal,Arbuscular Mycorrhizal
ITSall_OTUf_1328,Fungi,Glomeromycota,Glomeromycetes,Glomerales,Glomeraceae,Rhizophagus,NA,NA,Arbuscular Mycorrhizal,Arbuscular Mycorrhizal
ITSall_OTUj_431,Fungi,Basidiomycota,Agaricomycetes,Agaricales,Bolbitiaceae,Setchelliogaster,Setchelliogaster_australiensis,short-distance_delicate,Ectomycorrhizal,Ectomycorrhizal
ITSall_OTUj_1031,Fungi,Basidiomycota,Agaricomycetes,Boletales,Sclerodermataceae,Scleroderma,NA,long-distance,Ectomycorrhizal,Ectomycorrhizal
ITSall_OTUn_1462,Fungi,Glomeromycota,Glomeromycetes,Glomerales,NA,NA,NA,NA,Arbuscular Mycorrhizal,Arbuscular Mycorrhizal
ITSall_OTUa_9946,Fungi,Glomeromycota,Glomeromycetes,Glomerales,NA,NA,NA,NA,Arbuscular Mycorrhizal,Arbuscular Mycorrhizal
ITSall_OTUa_329,Fungi,Basidiomycota,Agaricomycetes,Russulales,Russulaceae,Russula,NA,contact,Ectomycorrhizal,Ectomycorrhizal
ITSall_OTUf_1054,Fungi,Glomeromycota,Glomeromycetes,Glomerales,NA,NA,NA,NA,Arbuscular Mycorrhizal,Arbuscular Mycorrhizal
ITSall_OTUf_33,Fungi,Glomeromycota,Glomeromycetes,Gigasporales,Gigasporaceae,NA,NA,NA,Arbuscular Mycorrhizal,Arbuscular Mycorrhizal
ITSall_OTUb_314,Fungi,Glomeromycota,NA,NA,NA,NA,NA,NA,Arbuscular Mycorrhizal,Arbuscular Mycorrhizal
ITSall_OTUb_7997,Fungi,Basidiomycota,Agaricomycetes,Russulales,Russulaceae,Russula,NA,contact,Ectomycorrhizal,Ectomycorrhizal
ITSall_OTUa_3628,Fungi,Glomeromycota,Glomeromycetes,Glomerales,NA,NA,NA,NA,Arbuscular Mycorrhizal,Arbuscular Mycorrhizal
ITSall_OTUb_49,Fungi,Basidiomycota,Agaricomycetes,Agaricales,Hydnangiaceae,Laccaria,NA,short-distance_delicate,Ectomycorrhizal,Ectomycorrhizal
ITSall_OTUb_87,Fungi,Basidiomycota,Agaricomycetes,Boletales,Sclerodermataceae,Scleroderma,NA,long-distance,Ectomycorrhizal,Ectomycorrhizal
ITSall_OTUa_1676,Fungi,Basidiomycota,Agaricomycetes,Agaricales,Inocybaceae,Inocybe,Inocybe_distincta,short-distance_delicate,Ectomycorrhizal,Ectomycorrhizal
ITSall_OTUa_562,Fungi,Glomeromycota,Glomeromycetes,Glomerales,Glomeraceae,NA,NA,NA,Arbuscular Mycorrhizal,Arbuscular Mycorrhizal
ITSall_OTUb_10,Fungi,Glomeromycota,Glomeromycetes,Glomerales,Glomeraceae,NA,NA,NA,Arbuscular Mycorrhizal,Arbuscular Mycorrhizal
ITSall_OTUf_490,Fungi,Glomeromycota,Glomeromycetes,Gigasporales,Gigasporaceae,Gigaspora,NA,NA,Arbuscular Mycorrhizal,Arbuscular Mycorrhizal
ITSall_OTUa_8798,Fungi,Glomeromycota,Glomeromycetes,Glomerales,NA,NA,NA,NA,Arbuscular Mycorrhizal,Arbuscular Mycorrhizal
ITSall_OTUf_677,Fungi,Glomeromycota,Glomeromycetes,Glomerales,Claroideoglomeraceae,NA,NA,NA,Arbuscular Mycorrhizal,Arbuscular Mycorrhizal
ITSall_OTUh_157,Fungi,Glomeromycota,Glomeromycetes,Glomerales,Claroideoglomeraceae,Claroideoglomus,NA,NA,Arbuscular Mycorrhizal,Arbuscular Mycorrhizal
ITSall_OTUf_871,Fungi,Glomeromycota,Glomeromycetes,Glomerales,Claroideoglomeraceae,NA,NA,NA,Arbuscular Mycorrhizal,Arbuscular Mycorrhizal
ITSall_OTUf_2670,Fungi,Glomeromycota,Glomeromycetes,Glomerales,Claroideoglomeraceae,Claroideoglomus,NA,NA,Arbuscular Mycorrhizal,Arbuscular Mycorrhizal
ITSall_OTUf_165,Fungi,Glomeromycota,Archaeosporomycetes,Archaeosporales,NA,NA,NA,NA,Arbuscular Mycorrhizal,Arbuscular Mycorrhizal
ITSall_OTUe_7465,Fungi,Glomeromycota,Glomeromycetes,Diversisporales,NA,NA,NA,NA,Arbuscular Mycorrhizal,Arbuscular Mycorrhizal
ITSall_OTUh_792,Fungi,Glomeromycota,Archaeosporomycetes,Archaeosporales,NA,NA,NA,NA,Arbuscular Mycorrhizal,Arbuscular Mycorrhizal
ITSall_OTUa_1530,Fungi,Glomeromycota,Glomeromycetes,Glomerales,Glomeraceae,NA,NA,NA,Arbuscular Mycorrhizal,Arbuscular Mycorrhizal
ITSall_OTUe_2933,Fungi,Glomeromycota,Glomeromycetes,Diversisporales,NA,NA,NA,NA,Arbuscular Mycorrhizal,Arbuscular Mycorrhizal
ITSall_OTUe_3490,Fungi,Glomeromycota,Glomeromycetes,Diversisporales,NA,NA,NA,NA,Arbuscular Mycorrhizal,Arbuscular Mycorrhizal
ITSall_OTUe_1887,Fungi,Glomeromycota,Glomeromycetes,Diversisporales,NA,NA,NA,NA,Arbuscular Mycorrhizal,Arbuscular Mycorrhizal
ITSall_OTUa_5149,Fungi,Glomeromycota,Glomeromycetes,Glomerales,Claroideoglomeraceae,Claroideoglomus,NA,NA,Arbuscular Mycorrhizal,Arbuscular Mycorrhizal
ITSall_OTUe_1855,Fungi,Glomeromycota,Glomeromycetes,Diversisporales,NA,NA,NA,NA,Arbuscular Mycorrhizal,Arbuscular Mycorrhizal
ITSall_OTUa_6649,Fungi,Glomeromycota,Glomeromycetes,Glomerales,Glomeraceae,NA,NA,NA,Arbuscular Mycorrhizal,Arbuscular Mycorrhizal
ITSall_OTUa_587,Fungi,Glomeromycota,Glomeromycetes,Glomerales,Glomeraceae,NA,NA,NA,Arbuscular Mycorrhizal,Arbuscular Mycorrhizal
ITSall_OTUf_1117,Fungi,Glomeromycota,Glomeromycetes,Glomerales,Glomeraceae,NA,NA,NA,Arbuscular Mycorrhizal,Arbuscular Mycorrhizal
ITSall_OTUa_79,Fungi,Glomeromycota,Archaeosporomycetes,Archaeosporales,Ambisporaceae,NA,NA,NA,Arbuscular Mycorrhizal,Arbuscular Mycorrhizal
ITSall_OTUb_95,Fungi,Glomeromycota,Glomeromycetes,Glomerales,Glomeraceae,Rhizophagus,NA,NA,Arbuscular Mycorrhizal,Arbuscular Mycorrhizal
ITSall_OTUb_855,Fungi,Glomeromycota,Glomeromycetes,Glomerales,Claroideoglomeraceae,Claroideoglomus,NA,NA,Arbuscular Mycorrhizal,Arbuscular Mycorrhizal
ITSall_OTUm_9055,Fungi,Glomeromycota,Glomeromycetes,Glomerales,Claroideoglomeraceae,Claroideoglomus,NA,NA,Arbuscular Mycorrhizal,Arbuscular Mycorrhizal
ITSall_OTUb_208,Fungi,Glomeromycota,Glomeromycetes,Glomerales,Glomeraceae,Rhizophagus,NA,NA,Arbuscular Mycorrhizal,Arbuscular Mycorrhizal
ITSall_OTUe_5861,Fungi,Glomeromycota,Glomeromycetes,Diversisporales,NA,NA,NA,NA,Arbuscular Mycorrhizal,Arbuscular Mycorrhizal
ITSall_OTUm_10415,Fungi,Glomeromycota,Glomeromycetes,Diversisporales,NA,NA,NA,NA,Arbuscular Mycorrhizal,Arbuscular Mycorrhizal
ITSall_OTUf_2740,Fungi,Glomeromycota,Glomeromycetes,Glomerales,NA,NA,NA,NA,Arbuscular Mycorrhizal,Arbuscular Mycorrhizal
ITSall_OTUe_4757,Fungi,Glomeromycota,Glomeromycetes,Diversisporales,NA,NA,NA,NA,Arbuscular Mycorrhizal,Arbuscular Mycorrhizal
ITSall_OTUf_340,Fungi,Glomeromycota,Archaeosporomycetes,Archaeosporales,Ambisporaceae,NA,NA,NA,Arbuscular Mycorrhizal,Arbuscular Mycorrhizal
ITSall_OTUe_3411,Fungi,Glomeromycota,Glomeromycetes,Diversisporales,NA,NA,NA,NA,Arbuscular Mycorrhizal,Arbuscular Mycorrhizal
ITSall_OTUh_860,Fungi,Glomeromycota,Glomeromycetes,Diversisporales,NA,NA,NA,NA,Arbuscular Mycorrhizal,Arbuscular Mycorrhizal
ITSall_OTUa_5263,Fungi,Glomeromycota,Glomeromycetes,Glomerales,NA,NA,NA,NA,Arbuscular Mycorrhizal,Arbuscular Mycorrhizal
ITSall_OTUn_5597,Fungi,Glomeromycota,Glomeromycetes,Diversisporales,NA,NA,NA,NA,Arbuscular Mycorrhizal,Arbuscular Mycorrhizal
ITSall_OTUe_2548,Fungi,Glomeromycota,Glomeromycetes,Diversisporales,NA,NA,NA,NA,Arbuscular Mycorrhizal,Arbuscular Mycorrhizal
ITSall_OTUj_4640,Fungi,Glomeromycota,Glomeromycetes,Diversisporales,NA,NA,NA,NA,Arbuscular Mycorrhizal,Arbuscular Mycorrhizal
ITSall_OTUf_3001,Fungi,Glomeromycota,Archaeosporomycetes,Archaeosporales,NA,NA,NA,NA,Arbuscular Mycorrhizal,Arbuscular Mycorrhizal
ITSall_OTUj_7447,Fungi,Glomeromycota,Glomeromycetes,Glomerales,NA,NA,NA,NA,Arbuscular Mycorrhizal,Arbuscular Mycorrhizal
ITSall_OTUj_17852,Fungi,Glomeromycota,Glomeromycetes,Glomerales,Glomeraceae,NA,NA,NA,Arbuscular Mycorrhizal,Arbuscular Mycorrhizal
ITSall_OTUf_79,Fungi,Glomeromycota,Glomeromycetes,Glomerales,NA,NA,NA,NA,Arbuscular Mycorrhizal,Arbuscular Mycorrhizal
ITSall_OTUa_6100,Fungi,Basidiomycota,Agaricomycetes,Agaricales,Cortinariaceae,Cortinarius,NA,medium-distance_fringe,Ectomycorrhizal,Ectomycorrhizal
ITSall_OTUj_982,Fungi,Basidiomycota,Agaricomycetes,Thelephorales,Thelephoraceae,Tomentella,NA,medium-distance_smooth,Ectomycorrhizal,Ectomycorrhizal
ITSall_OTUj_286,Fungi,Basidiomycota,Agaricomycetes,Thelephorales,Thelephoraceae,Tomentella,NA,medium-distance_smooth,Ectomycorrhizal,Ectomycorrhizal
ITSall_OTUj_1432,Fungi,Ascomycota,Pezizomycetes,Pezizales,Tuberaceae,Labyrinthomyces,NA,contact,Ectomycorrhizal,Ectomycorrhizal
ITSall_OTUf_89,Fungi,Glomeromycota,Glomeromycetes,Glomerales,NA,NA,NA,NA,Arbuscular Mycorrhizal,Arbuscular Mycorrhizal
ITSall_OTUk_5623,Fungi,Ascomycota,Pezizomycetes,Pezizales,Tuberaceae,Labyrinthomyces,NA,contact,Ectomycorrhizal,Ectomycorrhizal
ITSall_OTUj_7068,Fungi,Glomeromycota,Glomeromycetes,Gigasporales,Gigasporaceae,NA,NA,NA,Arbuscular Mycorrhizal,Arbuscular Mycorrhizal
ITSall_OTUc_1423,Fungi,Basidiomycota,Agaricomycetes,Boletales,Pisolithaceae,Pisolithus,Pisolithus_arhizus,long-distance,Ectomycorrhizal,Ectomycorrhizal
ITSall_OTUf_1,Fungi,Glomeromycota,Glomeromycetes,Glomerales,NA,NA,NA,NA,Arbuscular Mycorrhizal,Arbuscular Mycorrhizal
ITSall_OTUj_1017,Fungi,Basidiomycota,Agaricomycetes,Agaricales,Cortinariaceae,Cortinarius,NA,medium-distance_fringe,Ectomycorrhizal,Ectomycorrhizal
ITSall_OTUm_39,Fungi,Basidiomycota,Agaricomycetes,Agaricales,Cortinariaceae,Cortinarius,NA,medium-distance_fringe,Ectomycorrhizal,Ectomycorrhizal
ITSall_OTUn_6831,Fungi,Glomeromycota,NA,NA,NA,NA,NA,NA,Arbuscular Mycorrhizal,Arbuscular Mycorrhizal
ITSall_OTUg_193,Fungi,Basidiomycota,Agaricomycetes,Agaricales,Cortinariaceae,Cortinarius,Cortinarius_caesibulga,medium-distance_fringe,Ectomycorrhizal,Ectomycorrhizal
ITSall_OTUj_10034,Fungi,Glomeromycota,Glomeromycetes,Glomerales,NA,NA,NA,NA,Arbuscular Mycorrhizal,Arbuscular Mycorrhizal
ITSall_OTUc_48,Fungi,Glomeromycota,Glomeromycetes,Glomerales,NA,NA,NA,NA,Arbuscular Mycorrhizal,Arbuscular Mycorrhizal
ITSall_OTUf_1509,Fungi,Glomeromycota,Glomeromycetes,Glomerales,NA,NA,NA,NA,Arbuscular Mycorrhizal,Arbuscular Mycorrhizal
ITSall_OTUm_7979,Fungi,Glomeromycota,Glomeromycetes,Glomerales,NA,NA,NA,NA,Arbuscular Mycorrhizal,Arbuscular Mycorrhizal
ITSall_OTUk_3923,Fungi,Glomeromycota,Glomeromycetes,Glomerales,Glomeraceae,Glomus,NA,NA,Arbuscular Mycorrhizal,Arbuscular Mycorrhizal
ITSall_OTUj_3612,Fungi,Glomeromycota,Glomeromycetes,Glomerales,Claroideoglomeraceae,Claroideoglomus,NA,NA,Arbuscular Mycorrhizal,Arbuscular Mycorrhizal
ITSall_OTUf_903,Fungi,Glomeromycota,Glomeromycetes,Glomerales,Glomeraceae,Rhizophagus,NA,NA,Arbuscular Mycorrhizal,Arbuscular Mycorrhizal
ITSall_OTUf_2942,Fungi,Glomeromycota,Glomeromycetes,Glomerales,Glomeraceae,Rhizophagus,NA,NA,Arbuscular Mycorrhizal,Arbuscular Mycorrhizal
ITSall_OTUc_2734,Fungi,Basidiomycota,Agaricomycetes,Boletales,Pisolithaceae,Pisolithus,NA,long-distance,Ectomycorrhizal,Ectomycorrhizal
ITSall_OTUa_70,Fungi,Ascomycota,Pezizomycetes,Pezizales,Pezizaceae,Ruhlandiella,NA,short-distance_coarse,Ectomycorrhizal,Ectomycorrhizal
ITSall_OTUb_153,Fungi,Glomeromycota,Glomeromycetes,Diversisporales,NA,NA,NA,NA,Arbuscular Mycorrhizal,Arbuscular Mycorrhizal
ITSall_OTUj_1167,Fungi,Basidiomycota,Agaricomycetes,Thelephorales,Thelephoraceae,Tomentella,NA,medium-distance_smooth,Ectomycorrhizal,Ectomycorrhizal
ITSall_OTUj_5231,Fungi,Glomeromycota,Glomeromycetes,Glomerales,Claroideoglomeraceae,NA,NA,NA,Arbuscular Mycorrhizal,Arbuscular Mycorrhizal
ITSall_OTUa_135,Fungi,Basidiomycota,Agaricomycetes,Thelephorales,Thelephoraceae,Tomentella,NA,medium-distance_smooth,Ectomycorrhizal,Ectomycorrhizal
ITSall_OTUf_3334,Fungi,Basidiomycota,Agaricomycetes,Thelephorales,Thelephoraceae,Tomentella,NA,medium-distance_smooth,Ectomycorrhizal,Ectomycorrhizal
ITSall_OTUj_5994,Fungi,Basidiomycota,Agaricomycetes,Agaricales,Inocybaceae,Inocybe,NA,short-distance_delicate,Ectomycorrhizal,Ectomycorrhizal
ITSall_OTUa_762,Fungi,Basidiomycota,Agaricomycetes,Boletales,Sclerodermataceae,Scleroderma,NA,long-distance,Ectomycorrhizal,Ectomycorrhizal
ITSall_OTUa_1255,Fungi,Basidiomycota,Agaricomycetes,Boletales,Sclerodermataceae,Scleroderma,NA,long-distance,Ectomycorrhizal,Ectomycorrhizal
ITSall_OTUa_1866,Fungi,Basidiomycota,Agaricomycetes,Agaricales,Bolbitiaceae,Descomyces,NA,short-distance_delicate,Ectomycorrhizal,Ectomycorrhizal
ITSall_OTUj_2275,Fungi,Basidiomycota,Agaricomycetes,Agaricales,Inocybaceae,Inocybe,NA,short-distance_delicate,Ectomycorrhizal,Ectomycorrhizal
ITSall_OTUj_2,Fungi,Basidiomycota,Agaricomycetes,Agaricales,Bolbitiaceae,Descomyces,NA,short-distance_delicate,Ectomycorrhizal,Ectomycorrhizal
ITSall_OTUm_4303,Fungi,Basidiomycota,Agaricomycetes,Agaricales,Inocybaceae,Inocybe,NA,short-distance_delicate,Ectomycorrhizal,Ectomycorrhizal
ITSall_OTUj_24,Fungi,Basidiomycota,Agaricomycetes,Russulales,Russulaceae,Russula,NA,contact,Ectomycorrhizal,Ectomycorrhizal
ITSall_OTUj_19290,Fungi,Basidiomycota,Agaricomycetes,Agaricales,Inocybaceae,Inocybe,NA,short-distance_delicate,Ectomycorrhizal,Ectomycorrhizal
ITSall_OTUe_5705,Fungi,Basidiomycota,Agaricomycetes,Boletales,Sclerodermataceae,Scleroderma,NA,long-distance,Ectomycorrhizal,Ectomycorrhizal
ITSall_OTUa_586,Fungi,Basidiomycota,Agaricomycetes,Agaricales,Cortinariaceae,Cortinarius,NA,medium-distance_fringe,Ectomycorrhizal,Ectomycorrhizal
ITSall_OTUj_1085,Fungi,Basidiomycota,Agaricomycetes,Agaricales,Cortinariaceae,Cortinarius,Cortinarius_waiporianus,medium-distance_fringe,Ectomycorrhizal,Ectomycorrhizal
ITSall_OTUa_124,Fungi,Basidiomycota,Agaricomycetes,Agaricales,Cortinariaceae,Cortinarius,NA,medium-distance_fringe,Ectomycorrhizal,Ectomycorrhizal
ITSall_OTUa_9251,Fungi,Basidiomycota,Agaricomycetes,Agaricales,Hydnangiaceae,Laccaria,NA,short-distance_delicate,Ectomycorrhizal,Ectomycorrhizal
ITSall_OTUj_191,Fungi,Basidiomycota,Agaricomycetes,Russulales,Russulaceae,Russula,NA,contact,Ectomycorrhizal,Ectomycorrhizal
ITSall_OTUb_100,Fungi,Basidiomycota,Agaricomycetes,Agaricales,Bolbitiaceae,Descomyces,NA,short-distance_delicate,Ectomycorrhizal,Ectomycorrhizal
ITSall_OTUj_18526,Fungi,Ascomycota,Pezizomycetes,Pezizales,Pezizaceae,Ruhlandiella,NA,short-distance_coarse,Ectomycorrhizal,Ectomycorrhizal
ITSall_OTUm_10758,Fungi,Glomeromycota,Glomeromycetes,Glomerales,NA,NA,NA,NA,Arbuscular Mycorrhizal,Arbuscular Mycorrhizal
ITSall_OTUe_4441,Fungi,Basidiomycota,Agaricomycetes,Russulales,Russulaceae,Russula,NA,contact,Ectomycorrhizal,Ectomycorrhizal
ITSall_OTUj_52,Fungi,Basidiomycota,Agaricomycetes,Russulales,Russulaceae,Russula,NA,contact,Ectomycorrhizal,Ectomycorrhizal
ITSall_OTUa_289,Fungi,Ascomycota,Pezizomycetes,Pezizales,Pezizaceae,Ruhlandiella,NA,short-distance_coarse,Ectomycorrhizal,Ectomycorrhizal
ITSall_OTUk_4655,Fungi,Glomeromycota,Glomeromycetes,Diversisporales,Acaulosporaceae,Acaulospora,NA,NA,Arbuscular Mycorrhizal,Arbuscular Mycorrhizal
ITSall_OTUm_3613,Fungi,Glomeromycota,Glomeromycetes,Glomerales,NA,NA,NA,NA,Arbuscular Mycorrhizal,Arbuscular Mycorrhizal
ITSall_OTUm_9427,Fungi,Glomeromycota,Glomeromycetes,Glomerales,Glomeraceae,Glomus,NA,NA,Arbuscular Mycorrhizal,Arbuscular Mycorrhizal
ITSall_OTUb_8826,Fungi,Glomeromycota,Glomeromycetes,Glomerales,NA,NA,NA,NA,Arbuscular Mycorrhizal,Arbuscular Mycorrhizal
ITSall_OTUb_369,Fungi,Glomeromycota,Glomeromycetes,Glomerales,Glomeraceae,NA,NA,NA,Arbuscular Mycorrhizal,Arbuscular Mycorrhizal
ITSall_OTUe_1492,Fungi,Glomeromycota,Glomeromycetes,Glomerales,Glomeraceae,Glomus,NA,NA,Arbuscular Mycorrhizal,Arbuscular Mycorrhizal
ITSall_OTUm_9998,Fungi,Basidiomycota,Agaricomycetes,Russulales,Russulaceae,Russula,NA,contact,Ectomycorrhizal,Ectomycorrhizal
ITSall_OTUm_4787,Fungi,Glomeromycota,Archaeosporomycetes,NA,NA,NA,NA,NA,Arbuscular Mycorrhizal,Arbuscular Mycorrhizal
ITSall_OTUb_2939,Fungi,Glomeromycota,Archaeosporomycetes,Archaeosporales,NA,NA,NA,NA,Arbuscular Mycorrhizal,Arbuscular Mycorrhizal
ITSall_OTUm_11943,Fungi,Glomeromycota,Glomeromycetes,Glomerales,NA,NA,NA,NA,Arbuscular Mycorrhizal,Arbuscular Mycorrhizal
ITSall_OTUa_1372,Fungi,Glomeromycota,Glomeromycetes,Glomerales,NA,NA,NA,NA,Arbuscular Mycorrhizal,Arbuscular Mycorrhizal
ITSall_OTUa_8047,Fungi,Basidiomycota,Agaricomycetes,Cantharellales,Clavulinaceae,Clavulina,NA,contact,Ectomycorrhizal,Ectomycorrhizal
ITSall_OTUj_10495,Fungi,Glomeromycota,Glomeromycetes,Glomerales,NA,NA,NA,NA,Arbuscular Mycorrhizal,Arbuscular Mycorrhizal
ITSall_OTUc_2028,Fungi,Glomeromycota,Glomeromycetes,Glomerales,Glomeraceae,Rhizophagus,NA,NA,Arbuscular Mycorrhizal,Arbuscular Mycorrhizal
ITSall_OTUa_8648,Fungi,Glomeromycota,Glomeromycetes,Glomerales,Glomeraceae,Rhizophagus,NA,NA,Arbuscular Mycorrhizal,Arbuscular Mycorrhizal
ITSall_OTUj_8327,Fungi,Glomeromycota,Glomeromycetes,Glomerales,NA,NA,NA,NA,Arbuscular Mycorrhizal,Arbuscular Mycorrhizal
ITSall_OTUa_2369,Fungi,Glomeromycota,Glomeromycetes,Glomerales,Glomeraceae,Rhizophagus,NA,NA,Arbuscular Mycorrhizal,Arbuscular Mycorrhizal
ITSall_OTUd_8928,Fungi,Glomeromycota,Glomeromycetes,Diversisporales,Acaulosporaceae,Acaulospora,NA,NA,Arbuscular Mycorrhizal,Arbuscular Mycorrhizal
ITSall_OTUa_911,Fungi,Glomeromycota,Glomeromycetes,Glomerales,Glomeraceae,Rhizophagus,NA,NA,Arbuscular Mycorrhizal,Arbuscular Mycorrhizal
ITSall_OTUa_931,Fungi,Glomeromycota,Glomeromycetes,Glomerales,Glomeraceae,Rhizophagus,NA,NA,Arbuscular Mycorrhizal,Arbuscular Mycorrhizal
ITSall_OTUj_255,Fungi,Basidiomycota,Agaricomycetes,Hysterangiales,Hysterangiaceae,Hysterangium,NA,mat,Ectomycorrhizal,Ectomycorrhizal
ITSall_OTUb_7618,Fungi,Basidiomycota,Agaricomycetes,Thelephorales,Thelephoraceae,Tomentella,NA,medium-distance_smooth,Ectomycorrhizal,Ectomycorrhizal
ITSall_OTUa_4321,Fungi,Glomeromycota,Glomeromycetes,Glomerales,NA,NA,NA,NA,Arbuscular Mycorrhizal,Arbuscular Mycorrhizal
ITSall_OTUa_10348,Fungi,Basidiomycota,Agaricomycetes,Agaricales,Hydnangiaceae,Laccaria,NA,short-distance_delicate,Ectomycorrhizal,Ectomycorrhizal
ITSall_OTUd_3376,Fungi,Basidiomycota,Agaricomycetes,Agaricales,Inocybaceae,Inocybe,NA,short-distance_delicate,Ectomycorrhizal,Ectomycorrhizal
ITSall_OTUj_2575,Fungi,Basidiomycota,Agaricomycetes,Sebacinales,Serendipitaceae,Serendipita,NA,NA,Orchid Mycorrhizal,Orchid Mycorrhizal
ITSall_OTUg_70,Fungi,Basidiomycota,Agaricomycetes,Agaricales,Hydnangiaceae,Laccaria,NA,short-distance_delicate,Ectomycorrhizal,Ectomycorrhizal
ITSall_OTUb_125,Fungi,Glomeromycota,Glomeromycetes,Glomerales,NA,NA,NA,NA,Arbuscular Mycorrhizal,Arbuscular Mycorrhizal
ITSall_OTUm_6,Fungi,Basidiomycota,Agaricomycetes,Thelephorales,Thelephoraceae,Tomentella,NA,medium-distance_smooth,Ectomycorrhizal,Ectomycorrhizal
ITSall_OTUj_644,Fungi,Basidiomycota,Agaricomycetes,Thelephorales,Thelephoraceae,Tomentellopsis,NA,medium-distance_smooth,Ectomycorrhizal,Ectomycorrhizal
ITSall_OTUj_3253,Fungi,Basidiomycota,Agaricomycetes,Hymenochaetales,Hymenochaetaceae,Coltricia,NA,short-distance_coarse,Ectomycorrhizal,Ectomycorrhizal
ITSall_OTUj_20919,Fungi,Basidiomycota,Agaricomycetes,Hymenochaetales,Hymenochaetaceae,Coltricia,NA,short-distance_coarse,Ectomycorrhizal,Ectomycorrhizal
ITSall_OTUb_3024,Fungi,Basidiomycota,Agaricomycetes,Thelephorales,Thelephoraceae,Tomentella,NA,medium-distance_smooth,Ectomycorrhizal,Ectomycorrhizal
ITSall_OTUa_8584,Fungi,Basidiomycota,Agaricomycetes,Agaricales,Hydnangiaceae,Laccaria,Laccaria_alba,short-distance_delicate,Ectomycorrhizal,Ectomycorrhizal
ITSall_OTUj_931,Fungi,Basidiomycota,Agaricomycetes,Agaricales,Cortinariaceae,Cortinarius,NA,medium-distance_fringe,Ectomycorrhizal,Ectomycorrhizal
ITSall_OTUj_1470,Fungi,Basidiomycota,Agaricomycetes,Thelephorales,Thelephoraceae,Tomentella,NA,medium-distance_smooth,Ectomycorrhizal,Ectomycorrhizal
ITSall_OTUa_8140,Fungi,Basidiomycota,Agaricomycetes,Agaricales,Cortinariaceae,Cortinarius,NA,medium-distance_fringe,Ectomycorrhizal,Ectomycorrhizal
ITSall_OTUj_14525,Fungi,Basidiomycota,Agaricomycetes,Agaricales,Inocybaceae,Inocybe,Inocybe_atrisquamosa,short-distance_delicate,Ectomycorrhizal,Ectomycorrhizal
ITSall_OTUc_538,Fungi,Basidiomycota,Agaricomycetes,Agaricales,Cortinariaceae,Cortinarius,NA,medium-distance_fringe,Ectomycorrhizal,Ectomycorrhizal
ITSall_OTUj_14917,Fungi,Basidiomycota,Agaricomycetes,Agaricales,Cortinariaceae,Cortinarius,NA,medium-distance_fringe,Ectomycorrhizal,Ectomycorrhizal
ITSall_OTUj_33,Fungi,Basidiomycota,Agaricomycetes,Russulales,Russulaceae,Russula,Russula_pseudoareolata,contact,Ectomycorrhizal,Ectomycorrhizal
ITSall_OTUj_4835,Fungi,Basidiomycota,Agaricomycetes,Agaricales,Cortinariaceae,Cortinarius,Cortinarius_archeri,medium-distance_fringe,Ectomycorrhizal,Ectomycorrhizal
ITSall_OTUa_7612,Fungi,Basidiomycota,Agaricomycetes,Russulales,Russulaceae,Russula,NA,contact,Ectomycorrhizal,Ectomycorrhizal
ITSall_OTUj_464,Fungi,Basidiomycota,Agaricomycetes,Russulales,Russulaceae,Lactarius,Lactarius_umerensis,medium-distance_smooth,Ectomycorrhizal,Ectomycorrhizal
ITSall_OTUc_1019,Fungi,Basidiomycota,Agaricomycetes,Thelephorales,Thelephoraceae,Tomentella,NA,medium-distance_smooth,Ectomycorrhizal,Ectomycorrhizal
ITSall_OTUa_3623,Fungi,Ascomycota,Pezizomycetes,Pezizales,Pezizaceae,Ruhlandiella,NA,short-distance_coarse,Ectomycorrhizal,Ectomycorrhizal
ITSall_OTUj_112,Fungi,Basidiomycota,Agaricomycetes,Agaricales,Inocybaceae,Inocybe,Inocybe_albofloccosa,short-distance_delicate,Ectomycorrhizal,Ectomycorrhizal
ITSall_OTUa_1737,Fungi,Basidiomycota,Agaricomycetes,Thelephorales,Thelephoraceae,Tomentella,Tomentella_sublilacina,medium-distance_smooth,Ectomycorrhizal,Ectomycorrhizal
ITSall_OTUm_18,Fungi,Basidiomycota,Agaricomycetes,Agaricales,Inocybaceae,Inocybe,NA,short-distance_delicate,Ectomycorrhizal,Ectomycorrhizal
ITSall_OTUj_2317,Fungi,Basidiomycota,Agaricomycetes,Agaricales,Inocybaceae,Inocybe,Inocybe_nudiuscula,short-distance_delicate,Ectomycorrhizal,Ectomycorrhizal
ITSall_OTUa_24,Fungi,Basidiomycota,Agaricomycetes,Agaricales,Bolbitiaceae,Descomyces,Descomyces_albus,short-distance_delicate,Ectomycorrhizal,Ectomycorrhizal
ITSall_OTUb_6162,Fungi,Basidiomycota,Agaricomycetes,Agaricales,Cortinariaceae,Cortinarius,NA,medium-distance_fringe,Ectomycorrhizal,Ectomycorrhizal
ITSall_OTUa_7420,Fungi,Basidiomycota,Agaricomycetes,Thelephorales,Thelephoraceae,Tomentella,NA,medium-distance_smooth,Ectomycorrhizal,Ectomycorrhizal
ITSall_OTUa_9461,Fungi,Basidiomycota,Agaricomycetes,Thelephorales,Thelephoraceae,Tomentella,Tomentella_lateritia,medium-distance_smooth,Ectomycorrhizal,Ectomycorrhizal
ITSall_OTUj_100,Fungi,Basidiomycota,Agaricomycetes,Russulales,Russulaceae,Russula,NA,contact,Ectomycorrhizal,Ectomycorrhizal
ITSall_OTUc_2721,Fungi,Basidiomycota,Agaricomycetes,Russulales,Russulaceae,Lactarius,Lactarius_eucalypti,medium-distance_smooth,Ectomycorrhizal,Ectomycorrhizal
ITSall_OTUj_12,Fungi,Basidiomycota,Agaricomycetes,Agaricales,Inocybaceae,Inocybe,Inocybe_australiensis,short-distance_delicate,Ectomycorrhizal,Ectomycorrhizal
ITSall_OTUb_8161,Fungi,Basidiomycota,Agaricomycetes,Boletales,Pisolithaceae,Pisolithus,NA,long-distance,Ectomycorrhizal,Ectomycorrhizal
ITSall_OTUa_4555,Fungi,Basidiomycota,Agaricomycetes,Russulales,Russulaceae,Russula,NA,contact,Ectomycorrhizal,Ectomycorrhizal
ITSall_OTUj_9095,Fungi,Basidiomycota,Agaricomycetes,Agaricales,Cortinariaceae,Cortinarius,NA,medium-distance_fringe,Ectomycorrhizal,Ectomycorrhizal
ITSall_OTUe_3526,Fungi,Basidiomycota,Agaricomycetes,Russulales,Russulaceae,Russula,NA,contact,Ectomycorrhizal,Ectomycorrhizal
ITSall_OTUn_998,Fungi,Basidiomycota,Agaricomycetes,Cantharellales,Clavulinaceae,Clavulina,NA,contact,Ectomycorrhizal,Ectomycorrhizal
ITSall_OTUj_20813,Fungi,Basidiomycota,Agaricomycetes,Agaricales,Cortinariaceae,Cortinarius,Cortinarius_cruentoides,medium-distance_fringe,Ectomycorrhizal,Ectomycorrhizal
ITSall_OTUj_12577,Fungi,Basidiomycota,Agaricomycetes,Thelephorales,Thelephoraceae,Tomentellopsis,NA,medium-distance_smooth,Ectomycorrhizal,Ectomycorrhizal
ITSall_OTUm_25,Fungi,Basidiomycota,Agaricomycetes,Agaricales,Inocybaceae,Inocybe,Inocybe_atrisquamosa,short-distance_delicate,Ectomycorrhizal,Ectomycorrhizal
ITSall_OTUb_1343,Fungi,Basidiomycota,Agaricomycetes,Thelephorales,Thelephoraceae,Tomentella,NA,medium-distance_smooth,Ectomycorrhizal,Ectomycorrhizal
ITSall_OTUa_5137,Fungi,Basidiomycota,Agaricomycetes,Russulales,Russulaceae,Russula,NA,contact,Ectomycorrhizal,Ectomycorrhizal
ITSall_OTUj_5345,Fungi,Basidiomycota,Agaricomycetes,Russulales,Russulaceae,Russula,NA,contact,Ectomycorrhizal,Ectomycorrhizal
ITSall_OTUa_1589,Fungi,Basidiomycota,Agaricomycetes,Thelephorales,Thelephoraceae,NA,NA,NA,Ectomycorrhizal-Undefined Saprotroph,Ectomycorrhizal
ITSall_OTUa_337,Fungi,Basidiomycota,Agaricomycetes,Thelephorales,Thelephoraceae,NA,NA,NA,Ectomycorrhizal-Undefined Saprotroph,Ectomycorrhizal
ITSall_OTUa_7,Fungi,Basidiomycota,Agaricomycetes,Thelephorales,Thelephoraceae,NA,NA,NA,Ectomycorrhizal-Undefined Saprotroph,Ectomycorrhizal
ITSall_OTUa_6384,Fungi,Basidiomycota,Agaricomycetes,Thelephorales,Thelephoraceae,NA,NA,NA,Ectomycorrhizal-Undefined Saprotroph,Ectomycorrhizal
ITSall_OTUe_657,Fungi,Basidiomycota,Agaricomycetes,Thelephorales,Thelephoraceae,NA,NA,NA,Ectomycorrhizal-Undefined Saprotroph,Ectomycorrhizal
ITSall_OTUa_407,Fungi,Ascomycota,Leotiomycetes,Helotiales,Leotiaceae,Pezoloma,Pezoloma_ericae,NA,Bryophyte Parasite-Ectomycorrhizal-Ericoid Mycorrhizal,Ectomycorrhizal
ITSall_OTUm_1053,Fungi,Basidiomycota,Agaricomycetes,Thelephorales,Thelephoraceae,NA,NA,NA,Ectomycorrhizal-Undefined Saprotroph,Ectomycorrhizal
ITSall_OTUa_830,Fungi,Basidiomycota,Agaricomycetes,Agaricales,Tricholomataceae,NA,NA,NA,Ectomycorrhizal-Fungal Parasite,Ectomycorrhizal
ITSall_OTUb_8483,Fungi,Basidiomycota,Agaricomycetes,Thelephorales,Thelephoraceae,NA,NA,NA,Ectomycorrhizal-Undefined Saprotroph,Ectomycorrhizal
ITSall_OTUa_4326,Fungi,Basidiomycota,Agaricomycetes,Thelephorales,Thelephoraceae,Thelephora,NA,medium-distance_smooth,Ectomycorrhizal-Undefined Saprotroph,Ectomycorrhizal
ITSall_OTUb_381,Fungi,Basidiomycota,Agaricomycetes,Agaricales,Tricholomataceae,NA,NA,NA,Ectomycorrhizal-Fungal Parasite,Ectomycorrhizal
ITSall_OTUj_15633,Fungi,Basidiomycota,Agaricomycetes,Thelephorales,Thelephoraceae,NA,NA,NA,Ectomycorrhizal-Undefined Saprotroph,Ectomycorrhizal
ITSall_OTUj_233,Fungi,Basidiomycota,Agaricomycetes,Thelephorales,Thelephoraceae,NA,NA,NA,Ectomycorrhizal-Undefined Saprotroph,Ectomycorrhizal
ITSall_OTUj_1499,Fungi,Basidiomycota,Agaricomycetes,Thelephorales,Thelephoraceae,NA,NA,NA,Ectomycorrhizal-Undefined Saprotroph,Ectomycorrhizal
ITSall_OTUj_187,Fungi,Basidiomycota,Agaricomycetes,Thelephorales,Thelephoraceae,NA,NA,NA,Ectomycorrhizal-Undefined Saprotroph,Ectomycorrhizal
ITSall_OTUj_1746,Fungi,Basidiomycota,Agaricomycetes,Thelephorales,Thelephoraceae,NA,NA,NA,Ectomycorrhizal-Undefined Saprotroph,Ectomycorrhizal
ITSall_OTUj_2853,Fungi,Basidiomycota,Agaricomycetes,Thelephorales,Thelephoraceae,NA,NA,NA,Ectomycorrhizal-Undefined Saprotroph,Ectomycorrhizal
ITSall_OTUj_28087,Fungi,Basidiomycota,Agaricomycetes,Agaricales,Amanitaceae,Amanita,NA,contact,Ectomycorrhizal-Undefined Saprotroph,Ectomycorrhizal
ITSall_OTUa_2752,Fungi,Basidiomycota,Agaricomycetes,Agaricales,Tricholomataceae,NA,NA,NA,Ectomycorrhizal-Fungal Parasite,Ectomycorrhizal
ITSall_OTUj_2075,Fungi,Basidiomycota,Agaricomycetes,Agaricales,Tricholomataceae,NA,NA,NA,Ectomycorrhizal-Fungal Parasite,Ectomycorrhizal
ITSall_OTUb_4677,Fungi,Basidiomycota,Agaricomycetes,Agaricales,Pluteaceae,NA,NA,NA,Bryophyte Parasite-Ectomycorrhizal-Litter Saprotroph-Wood Saprotroph,Ectomycorrhizal
ITSall_OTUj_2388,Fungi,Basidiomycota,Agaricomycetes,Agaricales,Tricholomataceae,NA,NA,NA,Ectomycorrhizal-Fungal Parasite,Ectomycorrhizal
ITSall_OTUm_183,Fungi,Basidiomycota,Agaricomycetes,Thelephorales,Thelephoraceae,NA,NA,NA,Ectomycorrhizal-Undefined Saprotroph,Ectomycorrhizal
ITSall_OTUa_4674,Fungi,Basidiomycota,Agaricomycetes,Thelephorales,Thelephoraceae,NA,NA,NA,Ectomycorrhizal-Undefined Saprotroph,Ectomycorrhizal
ITSall_OTUb_8103,Fungi,Basidiomycota,Agaricomycetes,Thelephorales,Thelephoraceae,NA,NA,NA,Ectomycorrhizal-Undefined Saprotroph,Ectomycorrhizal
ITSall_OTUj_236,Fungi,Basidiomycota,Agaricomycetes,Agaricales,Tricholomataceae,NA,NA,NA,Ectomycorrhizal-Fungal Parasite,Ectomycorrhizal
ITSall_OTUa_2914,Fungi,Basidiomycota,Agaricomycetes,Agaricales,Amanitaceae,Amanita,NA,contact,Ectomycorrhizal-Undefined Saprotroph,Ectomycorrhizal
ITSall_OTUj_497,Fungi,Basidiomycota,Agaricomycetes,Thelephorales,Thelephoraceae,NA,NA,NA,Ectomycorrhizal-Undefined Saprotroph,Ectomycorrhizal
ITSall_OTUm_6575,Fungi,Basidiomycota,Agaricomycetes,Thelephorales,Thelephoraceae,NA,NA,NA,Ectomycorrhizal-Undefined Saprotroph,Ectomycorrhizal
ITSall_OTUj_5788,Fungi,Basidiomycota,Agaricomycetes,Agaricales,Tricholomataceae,NA,NA,NA,Ectomycorrhizal-Fungal Parasite,Ectomycorrhizal
ITSall_OTUa_203,Fungi,Basidiomycota,Agaricomycetes,Thelephorales,Thelephoraceae,NA,NA,NA,Ectomycorrhizal-Undefined Saprotroph,Ectomycorrhizal
ITSall_OTUj_165,Fungi,Basidiomycota,Agaricomycetes,Thelephorales,Thelephoraceae,NA,NA,NA,Ectomycorrhizal-Undefined Saprotroph,Ectomycorrhizal
ITSall_OTUa_439,Fungi,Basidiomycota,Agaricomycetes,Thelephorales,Thelephoraceae,NA,NA,NA,Ectomycorrhizal-Undefined Saprotroph,Ectomycorrhizal
ITSall_OTUe_5103,Fungi,Basidiomycota,Agaricomycetes,Thelephorales,Thelephoraceae,NA,NA,NA,Ectomycorrhizal-Undefined Saprotroph,Ectomycorrhizal
ITSall_OTUm_11798,Fungi,Basidiomycota,Agaricomycetes,Thelephorales,Thelephoraceae,NA,NA,NA,Ectomycorrhizal-Undefined Saprotroph,Ectomycorrhizal
ITSall_OTUe_5099,Fungi,Basidiomycota,Agaricomycetes,Thelephorales,Thelephoraceae,NA,NA,NA,Ectomycorrhizal-Undefined Saprotroph,Ectomycorrhizal
ITSall_OTUa_80,Fungi,Basidiomycota,Agaricomycetes,Agaricales,Tricholomataceae,NA,NA,NA,Ectomycorrhizal-Fungal Parasite,Ectomycorrhizal
ITSall_OTUa_10308,Fungi,Basidiomycota,Agaricomycetes,Thelephorales,Thelephoraceae,NA,NA,NA,Ectomycorrhizal-Undefined Saprotroph,Ectomycorrhizal
ITSall_OTUj_16546,Fungi,Basidiomycota,Agaricomycetes,Thelephorales,Thelephoraceae,NA,NA,NA,Ectomycorrhizal-Undefined Saprotroph,Ectomycorrhizal
ITSall_OTUj_519,Fungi,Basidiomycota,Agaricomycetes,Agaricales,Tricholomataceae,NA,NA,NA,Ectomycorrhizal-Fungal Parasite,Ectomycorrhizal
ITSall_OTUm_6911,Fungi,Basidiomycota,Agaricomycetes,Agaricales,Tricholomataceae,NA,NA,NA,Ectomycorrhizal-Fungal Parasite,Ectomycorrhizal
ITSall_OTUm_461,Fungi,Basidiomycota,Agaricomycetes,Thelephorales,Thelephoraceae,NA,NA,NA,Ectomycorrhizal-Undefined Saprotroph,Ectomycorrhizal
ITSall_OTUm_6714,Fungi,Basidiomycota,Agaricomycetes,Thelephorales,Thelephoraceae,NA,NA,NA,Ectomycorrhizal-Undefined Saprotroph,Ectomycorrhizal
ITSall_OTUj_18500,Fungi,Basidiomycota,Agaricomycetes,Thelephorales,Thelephoraceae,NA,NA,NA,Ectomycorrhizal-Undefined Saprotroph,Ectomycorrhizal
ITSall_OTUj_335,Fungi,Basidiomycota,Agaricomycetes,Thelephorales,Thelephoraceae,NA,NA,NA,Ectomycorrhizal-Undefined Saprotroph,Ectomycorrhizal
ITSall_OTUj_203,Fungi,Basidiomycota,Agaricomycetes,Thelephorales,Thelephoraceae,NA,NA,NA,Ectomycorrhizal-Undefined Saprotroph,Ectomycorrhizal
ITSall_OTUn_12163,Fungi,Basidiomycota,Agaricomycetes,Thelephorales,Thelephoraceae,NA,NA,NA,Ectomycorrhizal-Undefined Saprotroph,Ectomycorrhizal
ITSall_OTUm_6470,Fungi,Basidiomycota,Agaricomycetes,Thelephorales,Thelephoraceae,NA,NA,NA,Ectomycorrhizal-Undefined Saprotroph,Ectomycorrhizal
ITSall_OTUa_68,Fungi,Basidiomycota,Agaricomycetes,Thelephorales,Thelephoraceae,NA,NA,NA,Ectomycorrhizal-Undefined Saprotroph,Ectomycorrhizal
ITSall_OTUj_10254,Fungi,Basidiomycota,Agaricomycetes,Thelephorales,Thelephoraceae,NA,NA,NA,Ectomycorrhizal-Undefined Saprotroph,Ectomycorrhizal
ITSall_OTUj_14317,Fungi,Basidiomycota,Agaricomycetes,Thelephorales,Thelephoraceae,NA,NA,NA,Ectomycorrhizal-Undefined Saprotroph,Ectomycorrhizal
